,timestamp,close
0,2024-02-15 15:30:00,0.05
1,2024-02-15 15:35:00,0.05
2,2024-02-15 15:40:00,0.05
3,2024-02-15 15:45:00,0.05
4,2024-02-15 15:50:00,0.05
5,2024-02-15 15:55:00,0.05
6,2024-02-15 16:00:00,0.05
7,2024-02-15 16:05:00,0.05
8,2024-02-15 16:10:00,0.05
9,2024-02-15 16:15:00,0.05
10,2024-02-15 16:20:00,0.05
11,2024-02-15 16:25:00,0.05
12,2024-02-15 16:30:00,0.05
13,2024-02-15 16:35:00,0.05
14,2024-02-15 16:40:00,0.05
15,2024-02-15 16:45:00,0.05
16,2024-02-15 16:50:00,0.05
17,2024-02-15 16:55:00,0.05
18,2024-02-15 17:00:00,0.05
19,2024-02-15 17:05:00,0.05
20,2024-02-15 17:10:00,0.05
21,2024-02-15 17:15:00,0.05
22,2024-02-15 17:20:00,0.05
23,2024-02-15 17:25:00,0.05
24,2024-02-15 17:30:00,0.05
25,2024-02-15 17:35:00,0.05
26,2024-02-15 17:40:00,0.05
27,2024-02-15 17:45:00,0.05
28,2024-02-15 17:50:00,0.05
29,2024-02-15 17:55:00,0.05
30,2024-02-15 18:00:00,0.05
31,2024-02-15 18:05:00,0.05
32,2024-02-15 18:10:00,0.05
33,2024-02-15 18:15:00,0.05
34,2024-02-15 18:20:00,0.05
35,2024-02-15 18:25:00,0.05
36,2024-02-15 18:30:00,0.05
37,2024-02-15 18:35:00,0.05
38,2024-02-15 18:40:00,0.05
39,2024-02-15 18:45:00,0.05
40,2024-02-15 18:50:00,0.05
41,2024-02-15 18:55:00,0.05
42,2024-02-15 19:00:00,0.05
43,2024-02-15 19:05:00,0.05
44,2024-02-15 19:10:00,0.05
45,2024-02-15 19:15:00,0.05
46,2024-02-15 19:20:00,0.05
47,2024-02-15 19:25:00,0.05
48,2024-02-15 19:30:00,0.05
49,2024-02-15 19:35:00,0.05
50,2024-02-15 19:40:00,0.05
51,2024-02-15 19:45:00,0.05
52,2024-02-15 19:50:00,0.05
53,2024-02-15 19:55:00,0.05
54,2024-02-15 20:00:00,0.05
55,2024-02-15 20:05:00,0.05
56,2024-02-15 20:10:00,0.05
57,2024-02-15 20:15:00,0.05
58,2024-02-15 20:20:00,0.05
59,2024-02-15 20:25:00,0.05
60,2024-02-15 20:30:00,0.05
61,2024-02-15 20:35:00,0.05
62,2024-02-15 20:40:00,0.05
63,2024-02-15 20:45:00,0.05
64,2024-02-15 20:50:00,0.05
65,2024-02-15 20:55:00,0.05
66,2024-02-15 21:00:00,0.05
67,2024-02-15 21:05:00,0.05
68,2024-02-15 21:10:00,0.05
69,2024-02-15 21:15:00,0.05
70,2024-02-15 21:20:00,0.05
71,2024-02-15 21:25:00,0.05
72,2024-02-15 21:30:00,0.05
73,2024-02-15 21:35:00,0.05
74,2024-02-15 21:40:00,0.05
75,2024-02-15 21:45:00,0.05
76,2024-02-15 21:50:00,0.05
77,2024-02-15 21:55:00,0.05
78,2024-02-15 22:00:00,0.05
79,2024-02-15 22:05:00,0.05
80,2024-02-15 22:10:00,0.05
81,2024-02-15 22:15:00,0.05
82,2024-02-15 22:20:00,0.05
83,2024-02-15 22:25:00,0.05
84,2024-02-15 22:30:00,0.05
85,2024-02-15 22:35:00,0.05
86,2024-02-15 22:40:00,0.05
87,2024-02-15 22:45:00,0.05
88,2024-02-15 22:50:00,0.05
89,2024-02-15 22:55:00,0.05
90,2024-02-15 23:00:00,0.05
91,2024-02-15 23:05:00,0.05
92,2024-02-15 23:10:00,0.05
93,2024-02-15 23:15:00,0.05
94,2024-02-15 23:20:00,0.05
95,2024-02-15 23:25:00,0.05
96,2024-02-15 23:30:00,0.05
97,2024-02-15 23:35:00,0.05
98,2024-02-15 23:40:00,0.05
99,2024-02-15 23:45:00,0.05
100,2024-02-15 23:50:00,0.05
101,2024-02-15 23:55:00,0.05
102,2024-02-16 00:00:00,0.05
103,2024-02-16 00:05:00,0.05
104,2024-02-16 00:10:00,0.05
105,2024-02-16 00:15:00,0.05
106,2024-02-16 00:20:00,0.05
107,2024-02-16 00:25:00,0.05
108,2024-02-16 00:30:00,0.05
109,2024-02-16 00:35:00,0.05
110,2024-02-16 00:40:00,0.05
111,2024-02-16 00:45:00,0.05
112,2024-02-16 00:50:00,0.05
113,2024-02-16 00:55:00,0.05
114,2024-02-16 01:00:00,0.05
115,2024-02-16 01:05:00,0.05
116,2024-02-16 01:10:00,0.05
117,2024-02-16 01:15:00,0.05
118,2024-02-16 01:20:00,0.05
119,2024-02-16 01:25:00,0.05
120,2024-02-16 01:30:00,0.05
121,2024-02-16 01:35:00,0.05
122,2024-02-16 01:40:00,0.05
123,2024-02-16 01:45:00,0.05
124,2024-02-16 01:50:00,0.05
125,2024-02-16 01:55:00,0.05
126,2024-02-16 02:00:00,0.05
127,2024-02-16 02:05:00,0.05
128,2024-02-16 02:10:00,0.05
129,2024-02-16 02:15:00,0.05
130,2024-02-16 02:20:00,0.05
131,2024-02-16 02:25:00,0.05
132,2024-02-16 02:30:00,0.05
133,2024-02-16 02:35:00,0.05
134,2024-02-16 02:40:00,0.05
135,2024-02-16 02:45:00,0.05
136,2024-02-16 02:50:00,0.05
137,2024-02-16 02:55:00,0.05
138,2024-02-16 03:00:00,0.05
139,2024-02-16 03:05:00,0.05
140,2024-02-16 03:10:00,0.05
141,2024-02-16 03:15:00,0.05
142,2024-02-16 03:20:00,0.05
143,2024-02-16 03:25:00,0.05
144,2024-02-16 03:30:00,0.05
145,2024-02-16 03:35:00,0.05
146,2024-02-16 03:40:00,0.05
147,2024-02-16 03:45:00,0.05
148,2024-02-16 03:50:00,0.05
149,2024-02-16 03:55:00,0.05
150,2024-02-16 04:00:00,0.05
151,2024-02-16 04:05:00,0.05
152,2024-02-16 04:10:00,0.05
153,2024-02-16 04:15:00,0.05
154,2024-02-16 04:20:00,0.05
155,2024-02-16 04:25:00,0.05
156,2024-02-16 04:30:00,0.05
157,2024-02-16 04:35:00,0.05
158,2024-02-16 04:40:00,0.05
159,2024-02-16 04:45:00,0.05
160,2024-02-16 04:50:00,0.05
161,2024-02-16 04:55:00,0.05
162,2024-02-16 05:00:00,0.05
163,2024-02-16 05:05:00,0.05
164,2024-02-16 05:10:00,0.05
165,2024-02-16 05:15:00,0.05
166,2024-02-16 05:20:00,0.05
167,2024-02-16 05:25:00,0.05
168,2024-02-16 05:30:00,0.05
169,2024-02-16 05:35:00,0.05
170,2024-02-16 05:40:00,0.05
171,2024-02-16 05:45:00,0.05
172,2024-02-16 05:50:00,0.05
173,2024-02-16 05:55:00,0.05
174,2024-02-16 06:00:00,0.05
175,2024-02-16 06:05:00,0.05
176,2024-02-16 06:10:00,0.05
177,2024-02-16 06:15:00,0.05
178,2024-02-16 06:20:00,0.05
179,2024-02-16 06:25:00,0.05
180,2024-02-16 06:30:00,0.05
181,2024-02-16 06:35:00,0.05
182,2024-02-16 06:40:00,0.05
183,2024-02-16 06:45:00,0.05
184,2024-02-16 06:50:00,0.05
185,2024-02-16 06:55:00,0.05
186,2024-02-16 07:00:00,0.05
187,2024-02-16 07:05:00,0.05
188,2024-02-16 07:10:00,0.05
189,2024-02-16 07:15:00,0.05
190,2024-02-16 07:20:00,0.05
191,2024-02-16 07:25:00,0.05
192,2024-02-16 07:30:00,0.05
193,2024-02-16 07:35:00,0.05
194,2024-02-16 07:40:00,0.05
195,2024-02-16 07:45:00,0.05
196,2024-02-16 07:50:00,0.05
197,2024-02-16 07:55:00,0.05
198,2024-02-16 08:00:00,0.05
199,2024-02-16 08:05:00,0.05
200,2024-02-16 08:10:00,0.05
201,2024-02-16 08:15:00,0.05
202,2024-02-16 08:20:00,0.05
203,2024-02-16 08:25:00,0.05
204,2024-02-16 08:30:00,0.05
205,2024-02-16 08:35:00,0.05
206,2024-02-16 08:40:00,0.05
207,2024-02-16 08:45:00,0.05
208,2024-02-16 08:50:00,0.05
209,2024-02-16 08:55:00,0.05
210,2024-02-16 09:00:00,0.05
211,2024-02-16 09:05:00,0.05
212,2024-02-16 09:10:00,0.05
213,2024-02-16 09:15:00,83.1
214,2024-02-16 09:20:00,81.05
215,2024-02-16 09:25:00,83.3
216,2024-02-16 09:30:00,81.4
217,2024-02-16 09:35:00,90.6
218,2024-02-16 09:40:00,84.7
219,2024-02-16 09:45:00,84.7
220,2024-02-16 09:50:00,84.7
221,2024-02-16 09:55:00,84.7
222,2024-02-16 10:00:00,84.7
223,2024-02-16 10:05:00,84.7
224,2024-02-16 10:10:00,84.7
225,2024-02-16 10:15:00,84.7
226,2024-02-16 10:20:00,84.7
227,2024-02-16 10:25:00,84.7
228,2024-02-16 10:30:00,84.7
229,2024-02-16 10:35:00,84.7
230,2024-02-16 10:40:00,101.9
231,2024-02-16 10:45:00,101.9
232,2024-02-16 10:50:00,101.9
233,2024-02-16 10:55:00,101.9
234,2024-02-16 11:00:00,101.9
235,2024-02-16 11:05:00,102.55
236,2024-02-16 11:10:00,102.55
237,2024-02-16 11:15:00,102.55
238,2024-02-16 11:20:00,102.55
239,2024-02-16 11:25:00,102.55
240,2024-02-16 11:30:00,102.55
241,2024-02-16 11:35:00,102.55
242,2024-02-16 11:40:00,92.55
243,2024-02-16 11:45:00,92.55
244,2024-02-16 11:50:00,92.55
245,2024-02-16 11:55:00,92.55
246,2024-02-16 12:00:00,92.55
247,2024-02-16 12:05:00,92.55
248,2024-02-16 12:10:00,92.55
249,2024-02-16 12:15:00,92.55
250,2024-02-16 12:20:00,92.55
251,2024-02-16 12:25:00,92.55
252,2024-02-16 12:30:00,92.55
253,2024-02-16 12:35:00,92.55
254,2024-02-16 12:40:00,92.55
255,2024-02-16 12:45:00,96.9
256,2024-02-16 12:50:00,101.65
257,2024-02-16 12:55:00,101.65
258,2024-02-16 13:00:00,101.0
259,2024-02-16 13:05:00,102.7
260,2024-02-16 13:10:00,100.6
261,2024-02-16 13:15:00,94.2
262,2024-02-16 13:20:00,97.9
263,2024-02-16 13:25:00,93.0
264,2024-02-16 13:30:00,94.0
265,2024-02-16 13:35:00,97.75
266,2024-02-16 13:40:00,97.55
267,2024-02-16 13:45:00,97.6
268,2024-02-16 13:50:00,96.15
269,2024-02-16 13:55:00,94.15
270,2024-02-16 14:00:00,95.6
271,2024-02-16 14:05:00,95.05
272,2024-02-16 14:10:00,91.0
273,2024-02-16 14:15:00,88.6
274,2024-02-16 14:20:00,87.45
275,2024-02-16 14:25:00,92.2
276,2024-02-16 14:30:00,90.9
277,2024-02-16 14:35:00,98.4
278,2024-02-16 14:40:00,93.2
279,2024-02-16 14:45:00,94.1
280,2024-02-16 14:50:00,93.85
281,2024-02-16 14:55:00,95.5
282,2024-02-16 15:00:00,90.4
283,2024-02-16 15:05:00,85.8
284,2024-02-16 15:10:00,82.95
285,2024-02-16 15:15:00,82.2
286,2024-02-16 15:20:00,82.2
287,2024-02-16 15:25:00,82.2
288,2024-02-16 15:30:00,82.05
289,2024-02-16 15:35:00,82.05
290,2024-02-16 15:40:00,82.05
291,2024-02-16 15:45:00,82.05
292,2024-02-16 15:50:00,82.05
293,2024-02-16 15:55:00,82.05
294,2024-02-16 16:00:00,82.05
295,2024-02-16 16:05:00,82.05
296,2024-02-16 16:10:00,82.05
297,2024-02-16 16:15:00,82.05
298,2024-02-16 16:20:00,82.05
299,2024-02-16 16:25:00,82.05
300,2024-02-16 16:30:00,82.05
301,2024-02-16 16:35:00,82.05
302,2024-02-16 16:40:00,82.05
303,2024-02-16 16:45:00,82.05
304,2024-02-16 16:50:00,82.05
305,2024-02-16 16:55:00,82.05
306,2024-02-16 17:00:00,82.05
307,2024-02-16 17:05:00,82.05
308,2024-02-16 17:10:00,82.05
309,2024-02-16 17:15:00,82.05
310,2024-02-16 17:20:00,82.05
311,2024-02-16 17:25:00,82.05
312,2024-02-16 17:30:00,82.05
313,2024-02-16 17:35:00,82.05
314,2024-02-16 17:40:00,82.05
315,2024-02-16 17:45:00,82.05
316,2024-02-16 17:50:00,82.05
317,2024-02-16 17:55:00,82.05
318,2024-02-16 18:00:00,82.05
319,2024-02-16 18:05:00,82.05
320,2024-02-16 18:10:00,82.05
321,2024-02-16 18:15:00,82.05
322,2024-02-16 18:20:00,82.05
323,2024-02-16 18:25:00,82.05
324,2024-02-16 18:30:00,82.05
325,2024-02-16 18:35:00,82.05
326,2024-02-16 18:40:00,82.05
327,2024-02-16 18:45:00,82.05
328,2024-02-16 18:50:00,82.05
329,2024-02-16 18:55:00,82.05
330,2024-02-16 19:00:00,82.05
331,2024-02-16 19:05:00,82.05
332,2024-02-16 19:10:00,82.05
333,2024-02-16 19:15:00,82.05
334,2024-02-16 19:20:00,82.05
335,2024-02-16 19:25:00,82.05
336,2024-02-16 19:30:00,82.05
337,2024-02-16 19:35:00,82.05
338,2024-02-16 19:40:00,82.05
339,2024-02-16 19:45:00,82.05
340,2024-02-16 19:50:00,82.05
341,2024-02-16 19:55:00,82.05
342,2024-02-16 20:00:00,82.05
343,2024-02-16 20:05:00,82.05
344,2024-02-16 20:10:00,82.05
345,2024-02-16 20:15:00,82.05
346,2024-02-16 20:20:00,82.05
347,2024-02-16 20:25:00,82.05
348,2024-02-16 20:30:00,82.05
349,2024-02-16 20:35:00,82.05
350,2024-02-16 20:40:00,82.05
351,2024-02-16 20:45:00,82.05
352,2024-02-16 20:50:00,82.05
353,2024-02-16 20:55:00,82.05
354,2024-02-16 21:00:00,82.05
355,2024-02-16 21:05:00,82.05
356,2024-02-16 21:10:00,82.05
357,2024-02-16 21:15:00,82.05
358,2024-02-16 21:20:00,82.05
359,2024-02-16 21:25:00,82.05
360,2024-02-16 21:30:00,82.05
361,2024-02-16 21:35:00,82.05
362,2024-02-16 21:40:00,82.05
363,2024-02-16 21:45:00,82.05
364,2024-02-16 21:50:00,82.05
365,2024-02-16 21:55:00,82.05
366,2024-02-16 22:00:00,82.05
367,2024-02-16 22:05:00,82.05
368,2024-02-16 22:10:00,82.05
369,2024-02-16 22:15:00,82.05
370,2024-02-16 22:20:00,82.05
371,2024-02-16 22:25:00,82.05
372,2024-02-16 22:30:00,82.05
373,2024-02-16 22:35:00,82.05
374,2024-02-16 22:40:00,82.05
375,2024-02-16 22:45:00,82.05
376,2024-02-16 22:50:00,82.05
377,2024-02-16 22:55:00,82.05
378,2024-02-16 23:00:00,82.05
379,2024-02-16 23:05:00,82.05
380,2024-02-16 23:10:00,82.05
381,2024-02-16 23:15:00,82.05
382,2024-02-16 23:20:00,82.05
383,2024-02-16 23:25:00,82.05
384,2024-02-16 23:30:00,82.05
385,2024-02-16 23:35:00,82.05
386,2024-02-16 23:40:00,82.05
387,2024-02-16 23:45:00,82.05
388,2024-02-16 23:50:00,82.05
389,2024-02-16 23:55:00,82.05
390,2024-02-17 00:00:00,82.05
391,2024-02-17 00:05:00,82.05
392,2024-02-17 00:10:00,82.05
393,2024-02-17 00:15:00,82.05
394,2024-02-17 00:20:00,82.05
395,2024-02-17 00:25:00,82.05
396,2024-02-17 00:30:00,82.05
397,2024-02-17 00:35:00,82.05
398,2024-02-17 00:40:00,82.05
399,2024-02-17 00:45:00,82.05
400,2024-02-17 00:50:00,82.05
401,2024-02-17 00:55:00,82.05
402,2024-02-17 01:00:00,82.05
403,2024-02-17 01:05:00,82.05
404,2024-02-17 01:10:00,82.05
405,2024-02-17 01:15:00,82.05
406,2024-02-17 01:20:00,82.05
407,2024-02-17 01:25:00,82.05
408,2024-02-17 01:30:00,82.05
409,2024-02-17 01:35:00,82.05
410,2024-02-17 01:40:00,82.05
411,2024-02-17 01:45:00,82.05
412,2024-02-17 01:50:00,82.05
413,2024-02-17 01:55:00,82.05
414,2024-02-17 02:00:00,82.05
415,2024-02-17 02:05:00,82.05
416,2024-02-17 02:10:00,82.05
417,2024-02-17 02:15:00,82.05
418,2024-02-17 02:20:00,82.05
419,2024-02-17 02:25:00,82.05
420,2024-02-17 02:30:00,82.05
421,2024-02-17 02:35:00,82.05
422,2024-02-17 02:40:00,82.05
423,2024-02-17 02:45:00,82.05
424,2024-02-17 02:50:00,82.05
425,2024-02-17 02:55:00,82.05
426,2024-02-17 03:00:00,82.05
427,2024-02-17 03:05:00,82.05
428,2024-02-17 03:10:00,82.05
429,2024-02-17 03:15:00,82.05
430,2024-02-17 03:20:00,82.05
431,2024-02-17 03:25:00,82.05
432,2024-02-17 03:30:00,82.05
433,2024-02-17 03:35:00,82.05
434,2024-02-17 03:40:00,82.05
435,2024-02-17 03:45:00,82.05
436,2024-02-17 03:50:00,82.05
437,2024-02-17 03:55:00,82.05
438,2024-02-17 04:00:00,82.05
439,2024-02-17 04:05:00,82.05
440,2024-02-17 04:10:00,82.05
441,2024-02-17 04:15:00,82.05
442,2024-02-17 04:20:00,82.05
443,2024-02-17 04:25:00,82.05
444,2024-02-17 04:30:00,82.05
445,2024-02-17 04:35:00,82.05
446,2024-02-17 04:40:00,82.05
447,2024-02-17 04:45:00,82.05
448,2024-02-17 04:50:00,82.05
449,2024-02-17 04:55:00,82.05
450,2024-02-17 05:00:00,82.05
451,2024-02-17 05:05:00,82.05
452,2024-02-17 05:10:00,82.05
453,2024-02-17 05:15:00,82.05
454,2024-02-17 05:20:00,82.05
455,2024-02-17 05:25:00,82.05
456,2024-02-17 05:30:00,82.05
457,2024-02-17 05:35:00,82.05
458,2024-02-17 05:40:00,82.05
459,2024-02-17 05:45:00,82.05
460,2024-02-17 05:50:00,82.05
461,2024-02-17 05:55:00,82.05
462,2024-02-17 06:00:00,82.05
463,2024-02-17 06:05:00,82.05
464,2024-02-17 06:10:00,82.05
465,2024-02-17 06:15:00,82.05
466,2024-02-17 06:20:00,82.05
467,2024-02-17 06:25:00,82.05
468,2024-02-17 06:30:00,82.05
469,2024-02-17 06:35:00,82.05
470,2024-02-17 06:40:00,82.05
471,2024-02-17 06:45:00,82.05
472,2024-02-17 06:50:00,82.05
473,2024-02-17 06:55:00,82.05
474,2024-02-17 07:00:00,82.05
475,2024-02-17 07:05:00,82.05
476,2024-02-17 07:10:00,82.05
477,2024-02-17 07:15:00,82.05
478,2024-02-17 07:20:00,82.05
479,2024-02-17 07:25:00,82.05
480,2024-02-17 07:30:00,82.05
481,2024-02-17 07:35:00,82.05
482,2024-02-17 07:40:00,82.05
483,2024-02-17 07:45:00,82.05
484,2024-02-17 07:50:00,82.05
485,2024-02-17 07:55:00,82.05
486,2024-02-17 08:00:00,82.05
487,2024-02-17 08:05:00,82.05
488,2024-02-17 08:10:00,82.05
489,2024-02-17 08:15:00,82.05
490,2024-02-17 08:20:00,82.05
491,2024-02-17 08:25:00,82.05
492,2024-02-17 08:30:00,82.05
493,2024-02-17 08:35:00,82.05
494,2024-02-17 08:40:00,82.05
495,2024-02-17 08:45:00,82.05
496,2024-02-17 08:50:00,82.05
497,2024-02-17 08:55:00,82.05
498,2024-02-17 09:00:00,82.05
499,2024-02-17 09:05:00,82.05
500,2024-02-17 09:10:00,82.05
501,2024-02-17 09:15:00,82.05
502,2024-02-17 09:20:00,82.05
503,2024-02-17 09:25:00,82.05
504,2024-02-17 09:30:00,82.05
505,2024-02-17 09:35:00,82.05
506,2024-02-17 09:40:00,82.05
507,2024-02-17 09:45:00,82.05
508,2024-02-17 09:50:00,82.05
509,2024-02-17 09:55:00,82.05
510,2024-02-17 10:00:00,82.05
511,2024-02-17 10:05:00,82.05
512,2024-02-17 10:10:00,82.05
513,2024-02-17 10:15:00,82.05
514,2024-02-17 10:20:00,82.05
515,2024-02-17 10:25:00,82.05
516,2024-02-17 10:30:00,82.05
517,2024-02-17 10:35:00,82.05
518,2024-02-17 10:40:00,82.05
519,2024-02-17 10:45:00,82.05
520,2024-02-17 10:50:00,82.05
521,2024-02-17 10:55:00,82.05
522,2024-02-17 11:00:00,82.05
523,2024-02-17 11:05:00,82.05
524,2024-02-17 11:10:00,82.05
525,2024-02-17 11:15:00,82.05
526,2024-02-17 11:20:00,82.05
527,2024-02-17 11:25:00,82.05
528,2024-02-17 11:30:00,82.05
529,2024-02-17 11:35:00,82.05
530,2024-02-17 11:40:00,82.05
531,2024-02-17 11:45:00,82.05
532,2024-02-17 11:50:00,82.05
533,2024-02-17 11:55:00,82.05
534,2024-02-17 12:00:00,82.05
535,2024-02-17 12:05:00,82.05
536,2024-02-17 12:10:00,82.05
537,2024-02-17 12:15:00,82.05
538,2024-02-17 12:20:00,82.05
539,2024-02-17 12:25:00,82.05
540,2024-02-17 12:30:00,82.05
541,2024-02-17 12:35:00,82.05
542,2024-02-17 12:40:00,82.05
543,2024-02-17 12:45:00,82.05
544,2024-02-17 12:50:00,82.05
545,2024-02-17 12:55:00,82.05
546,2024-02-17 13:00:00,82.05
547,2024-02-17 13:05:00,82.05
548,2024-02-17 13:10:00,82.05
549,2024-02-17 13:15:00,82.05
550,2024-02-17 13:20:00,82.05
551,2024-02-17 13:25:00,82.05
552,2024-02-17 13:30:00,82.05
553,2024-02-17 13:35:00,82.05
554,2024-02-17 13:40:00,82.05
555,2024-02-17 13:45:00,82.05
556,2024-02-17 13:50:00,82.05
557,2024-02-17 13:55:00,82.05
558,2024-02-17 14:00:00,82.05
559,2024-02-17 14:05:00,82.05
560,2024-02-17 14:10:00,82.05
561,2024-02-17 14:15:00,82.05
562,2024-02-17 14:20:00,82.05
563,2024-02-17 14:25:00,82.05
564,2024-02-17 14:30:00,82.05
565,2024-02-17 14:35:00,82.05
566,2024-02-17 14:40:00,82.05
567,2024-02-17 14:45:00,82.05
568,2024-02-17 14:50:00,82.05
569,2024-02-17 14:55:00,82.05
570,2024-02-17 15:00:00,82.05
571,2024-02-17 15:05:00,82.05
572,2024-02-17 15:10:00,82.05
573,2024-02-17 15:15:00,82.05
574,2024-02-17 15:20:00,82.05
575,2024-02-17 15:25:00,82.05
576,2024-02-17 15:30:00,82.05
577,2024-02-17 15:35:00,82.05
578,2024-02-17 15:40:00,82.05
579,2024-02-17 15:45:00,82.05
580,2024-02-17 15:50:00,82.05
581,2024-02-17 15:55:00,82.05
582,2024-02-17 16:00:00,82.05
583,2024-02-17 16:05:00,82.05
584,2024-02-17 16:10:00,82.05
585,2024-02-17 16:15:00,82.05
586,2024-02-17 16:20:00,82.05
587,2024-02-17 16:25:00,82.05
588,2024-02-17 16:30:00,82.05
589,2024-02-17 16:35:00,82.05
590,2024-02-17 16:40:00,82.05
591,2024-02-17 16:45:00,82.05
592,2024-02-17 16:50:00,82.05
593,2024-02-17 16:55:00,82.05
594,2024-02-17 17:00:00,82.05
595,2024-02-17 17:05:00,82.05
596,2024-02-17 17:10:00,82.05
597,2024-02-17 17:15:00,82.05
598,2024-02-17 17:20:00,82.05
599,2024-02-17 17:25:00,82.05
600,2024-02-17 17:30:00,82.05
601,2024-02-17 17:35:00,82.05
602,2024-02-17 17:40:00,82.05
603,2024-02-17 17:45:00,82.05
604,2024-02-17 17:50:00,82.05
605,2024-02-17 17:55:00,82.05
606,2024-02-17 18:00:00,82.05
607,2024-02-17 18:05:00,82.05
608,2024-02-17 18:10:00,82.05
609,2024-02-17 18:15:00,82.05
610,2024-02-17 18:20:00,82.05
611,2024-02-17 18:25:00,82.05
612,2024-02-17 18:30:00,82.05
613,2024-02-17 18:35:00,82.05
614,2024-02-17 18:40:00,82.05
615,2024-02-17 18:45:00,82.05
616,2024-02-17 18:50:00,82.05
617,2024-02-17 18:55:00,82.05
618,2024-02-17 19:00:00,82.05
619,2024-02-17 19:05:00,82.05
620,2024-02-17 19:10:00,82.05
621,2024-02-17 19:15:00,82.05
622,2024-02-17 19:20:00,82.05
623,2024-02-17 19:25:00,82.05
624,2024-02-17 19:30:00,82.05
625,2024-02-17 19:35:00,82.05
626,2024-02-17 19:40:00,82.05
627,2024-02-17 19:45:00,82.05
628,2024-02-17 19:50:00,82.05
629,2024-02-17 19:55:00,82.05
630,2024-02-17 20:00:00,82.05
631,2024-02-17 20:05:00,82.05
632,2024-02-17 20:10:00,82.05
633,2024-02-17 20:15:00,82.05
634,2024-02-17 20:20:00,82.05
635,2024-02-17 20:25:00,82.05
636,2024-02-17 20:30:00,82.05
637,2024-02-17 20:35:00,82.05
638,2024-02-17 20:40:00,82.05
639,2024-02-17 20:45:00,82.05
640,2024-02-17 20:50:00,82.05
641,2024-02-17 20:55:00,82.05
642,2024-02-17 21:00:00,82.05
643,2024-02-17 21:05:00,82.05
644,2024-02-17 21:10:00,82.05
645,2024-02-17 21:15:00,82.05
646,2024-02-17 21:20:00,82.05
647,2024-02-17 21:25:00,82.05
648,2024-02-17 21:30:00,82.05
649,2024-02-17 21:35:00,82.05
650,2024-02-17 21:40:00,82.05
651,2024-02-17 21:45:00,82.05
652,2024-02-17 21:50:00,82.05
653,2024-02-17 21:55:00,82.05
654,2024-02-17 22:00:00,82.05
655,2024-02-17 22:05:00,82.05
656,2024-02-17 22:10:00,82.05
657,2024-02-17 22:15:00,82.05
658,2024-02-17 22:20:00,82.05
659,2024-02-17 22:25:00,82.05
660,2024-02-17 22:30:00,82.05
661,2024-02-17 22:35:00,82.05
662,2024-02-17 22:40:00,82.05
663,2024-02-17 22:45:00,82.05
664,2024-02-17 22:50:00,82.05
665,2024-02-17 22:55:00,82.05
666,2024-02-17 23:00:00,82.05
667,2024-02-17 23:05:00,82.05
668,2024-02-17 23:10:00,82.05
669,2024-02-17 23:15:00,82.05
670,2024-02-17 23:20:00,82.05
671,2024-02-17 23:25:00,82.05
672,2024-02-17 23:30:00,82.05
673,2024-02-17 23:35:00,82.05
674,2024-02-17 23:40:00,82.05
675,2024-02-17 23:45:00,82.05
676,2024-02-17 23:50:00,82.05
677,2024-02-17 23:55:00,82.05
678,2024-02-18 00:00:00,82.05
679,2024-02-18 00:05:00,82.05
680,2024-02-18 00:10:00,82.05
681,2024-02-18 00:15:00,82.05
682,2024-02-18 00:20:00,82.05
683,2024-02-18 00:25:00,82.05
684,2024-02-18 00:30:00,82.05
685,2024-02-18 00:35:00,82.05
686,2024-02-18 00:40:00,82.05
687,2024-02-18 00:45:00,82.05
688,2024-02-18 00:50:00,82.05
689,2024-02-18 00:55:00,82.05
690,2024-02-18 01:00:00,82.05
691,2024-02-18 01:05:00,82.05
692,2024-02-18 01:10:00,82.05
693,2024-02-18 01:15:00,82.05
694,2024-02-18 01:20:00,82.05
695,2024-02-18 01:25:00,82.05
696,2024-02-18 01:30:00,82.05
697,2024-02-18 01:35:00,82.05
698,2024-02-18 01:40:00,82.05
699,2024-02-18 01:45:00,82.05
700,2024-02-18 01:50:00,82.05
701,2024-02-18 01:55:00,82.05
702,2024-02-18 02:00:00,82.05
703,2024-02-18 02:05:00,82.05
704,2024-02-18 02:10:00,82.05
705,2024-02-18 02:15:00,82.05
706,2024-02-18 02:20:00,82.05
707,2024-02-18 02:25:00,82.05
708,2024-02-18 02:30:00,82.05
709,2024-02-18 02:35:00,82.05
710,2024-02-18 02:40:00,82.05
711,2024-02-18 02:45:00,82.05
712,2024-02-18 02:50:00,82.05
713,2024-02-18 02:55:00,82.05
714,2024-02-18 03:00:00,82.05
715,2024-02-18 03:05:00,82.05
716,2024-02-18 03:10:00,82.05
717,2024-02-18 03:15:00,82.05
718,2024-02-18 03:20:00,82.05
719,2024-02-18 03:25:00,82.05
720,2024-02-18 03:30:00,82.05
721,2024-02-18 03:35:00,82.05
722,2024-02-18 03:40:00,82.05
723,2024-02-18 03:45:00,82.05
724,2024-02-18 03:50:00,82.05
725,2024-02-18 03:55:00,82.05
726,2024-02-18 04:00:00,82.05
727,2024-02-18 04:05:00,82.05
728,2024-02-18 04:10:00,82.05
729,2024-02-18 04:15:00,82.05
730,2024-02-18 04:20:00,82.05
731,2024-02-18 04:25:00,82.05
732,2024-02-18 04:30:00,82.05
733,2024-02-18 04:35:00,82.05
734,2024-02-18 04:40:00,82.05
735,2024-02-18 04:45:00,82.05
736,2024-02-18 04:50:00,82.05
737,2024-02-18 04:55:00,82.05
738,2024-02-18 05:00:00,82.05
739,2024-02-18 05:05:00,82.05
740,2024-02-18 05:10:00,82.05
741,2024-02-18 05:15:00,82.05
742,2024-02-18 05:20:00,82.05
743,2024-02-18 05:25:00,82.05
744,2024-02-18 05:30:00,82.05
745,2024-02-18 05:35:00,82.05
746,2024-02-18 05:40:00,82.05
747,2024-02-18 05:45:00,82.05
748,2024-02-18 05:50:00,82.05
749,2024-02-18 05:55:00,82.05
750,2024-02-18 06:00:00,82.05
751,2024-02-18 06:05:00,82.05
752,2024-02-18 06:10:00,82.05
753,2024-02-18 06:15:00,82.05
754,2024-02-18 06:20:00,82.05
755,2024-02-18 06:25:00,82.05
756,2024-02-18 06:30:00,82.05
757,2024-02-18 06:35:00,82.05
758,2024-02-18 06:40:00,82.05
759,2024-02-18 06:45:00,82.05
760,2024-02-18 06:50:00,82.05
761,2024-02-18 06:55:00,82.05
762,2024-02-18 07:00:00,82.05
763,2024-02-18 07:05:00,82.05
764,2024-02-18 07:10:00,82.05
765,2024-02-18 07:15:00,82.05
766,2024-02-18 07:20:00,82.05
767,2024-02-18 07:25:00,82.05
768,2024-02-18 07:30:00,82.05
769,2024-02-18 07:35:00,82.05
770,2024-02-18 07:40:00,82.05
771,2024-02-18 07:45:00,82.05
772,2024-02-18 07:50:00,82.05
773,2024-02-18 07:55:00,82.05
774,2024-02-18 08:00:00,82.05
775,2024-02-18 08:05:00,82.05
776,2024-02-18 08:10:00,82.05
777,2024-02-18 08:15:00,82.05
778,2024-02-18 08:20:00,82.05
779,2024-02-18 08:25:00,82.05
780,2024-02-18 08:30:00,82.05
781,2024-02-18 08:35:00,82.05
782,2024-02-18 08:40:00,82.05
783,2024-02-18 08:45:00,82.05
784,2024-02-18 08:50:00,82.05
785,2024-02-18 08:55:00,82.05
786,2024-02-18 09:00:00,82.05
787,2024-02-18 09:05:00,82.05
788,2024-02-18 09:10:00,82.05
789,2024-02-18 09:15:00,82.05
790,2024-02-18 09:20:00,82.05
791,2024-02-18 09:25:00,82.05
792,2024-02-18 09:30:00,82.05
793,2024-02-18 09:35:00,82.05
794,2024-02-18 09:40:00,82.05
795,2024-02-18 09:45:00,82.05
796,2024-02-18 09:50:00,82.05
797,2024-02-18 09:55:00,82.05
798,2024-02-18 10:00:00,82.05
799,2024-02-18 10:05:00,82.05
800,2024-02-18 10:10:00,82.05
801,2024-02-18 10:15:00,82.05
802,2024-02-18 10:20:00,82.05
803,2024-02-18 10:25:00,82.05
804,2024-02-18 10:30:00,82.05
805,2024-02-18 10:35:00,82.05
806,2024-02-18 10:40:00,82.05
807,2024-02-18 10:45:00,82.05
808,2024-02-18 10:50:00,82.05
809,2024-02-18 10:55:00,82.05
810,2024-02-18 11:00:00,82.05
811,2024-02-18 11:05:00,82.05
812,2024-02-18 11:10:00,82.05
813,2024-02-18 11:15:00,82.05
814,2024-02-18 11:20:00,82.05
815,2024-02-18 11:25:00,82.05
816,2024-02-18 11:30:00,82.05
817,2024-02-18 11:35:00,82.05
818,2024-02-18 11:40:00,82.05
819,2024-02-18 11:45:00,82.05
820,2024-02-18 11:50:00,82.05
821,2024-02-18 11:55:00,82.05
822,2024-02-18 12:00:00,82.05
823,2024-02-18 12:05:00,82.05
824,2024-02-18 12:10:00,82.05
825,2024-02-18 12:15:00,82.05
826,2024-02-18 12:20:00,82.05
827,2024-02-18 12:25:00,82.05
828,2024-02-18 12:30:00,82.05
829,2024-02-18 12:35:00,82.05
830,2024-02-18 12:40:00,82.05
831,2024-02-18 12:45:00,82.05
832,2024-02-18 12:50:00,82.05
833,2024-02-18 12:55:00,82.05
834,2024-02-18 13:00:00,82.05
835,2024-02-18 13:05:00,82.05
836,2024-02-18 13:10:00,82.05
837,2024-02-18 13:15:00,82.05
838,2024-02-18 13:20:00,82.05
839,2024-02-18 13:25:00,82.05
840,2024-02-18 13:30:00,82.05
841,2024-02-18 13:35:00,82.05
842,2024-02-18 13:40:00,82.05
843,2024-02-18 13:45:00,82.05
844,2024-02-18 13:50:00,82.05
845,2024-02-18 13:55:00,82.05
846,2024-02-18 14:00:00,82.05
847,2024-02-18 14:05:00,82.05
848,2024-02-18 14:10:00,82.05
849,2024-02-18 14:15:00,82.05
850,2024-02-18 14:20:00,82.05
851,2024-02-18 14:25:00,82.05
852,2024-02-18 14:30:00,82.05
853,2024-02-18 14:35:00,82.05
854,2024-02-18 14:40:00,82.05
855,2024-02-18 14:45:00,82.05
856,2024-02-18 14:50:00,82.05
857,2024-02-18 14:55:00,82.05
858,2024-02-18 15:00:00,82.05
859,2024-02-18 15:05:00,82.05
860,2024-02-18 15:10:00,82.05
861,2024-02-18 15:15:00,82.05
862,2024-02-18 15:20:00,82.05
863,2024-02-18 15:25:00,82.05
864,2024-02-18 15:30:00,82.05
865,2024-02-18 15:35:00,82.05
866,2024-02-18 15:40:00,82.05
867,2024-02-18 15:45:00,82.05
868,2024-02-18 15:50:00,82.05
869,2024-02-18 15:55:00,82.05
870,2024-02-18 16:00:00,82.05
871,2024-02-18 16:05:00,82.05
872,2024-02-18 16:10:00,82.05
873,2024-02-18 16:15:00,82.05
874,2024-02-18 16:20:00,82.05
875,2024-02-18 16:25:00,82.05
876,2024-02-18 16:30:00,82.05
877,2024-02-18 16:35:00,82.05
878,2024-02-18 16:40:00,82.05
879,2024-02-18 16:45:00,82.05
880,2024-02-18 16:50:00,82.05
881,2024-02-18 16:55:00,82.05
882,2024-02-18 17:00:00,82.05
883,2024-02-18 17:05:00,82.05
884,2024-02-18 17:10:00,82.05
885,2024-02-18 17:15:00,82.05
886,2024-02-18 17:20:00,82.05
887,2024-02-18 17:25:00,82.05
888,2024-02-18 17:30:00,82.05
889,2024-02-18 17:35:00,82.05
890,2024-02-18 17:40:00,82.05
891,2024-02-18 17:45:00,82.05
892,2024-02-18 17:50:00,82.05
893,2024-02-18 17:55:00,82.05
894,2024-02-18 18:00:00,82.05
895,2024-02-18 18:05:00,82.05
896,2024-02-18 18:10:00,82.05
897,2024-02-18 18:15:00,82.05
898,2024-02-18 18:20:00,82.05
899,2024-02-18 18:25:00,82.05
900,2024-02-18 18:30:00,82.05
901,2024-02-18 18:35:00,82.05
902,2024-02-18 18:40:00,82.05
903,2024-02-18 18:45:00,82.05
904,2024-02-18 18:50:00,82.05
905,2024-02-18 18:55:00,82.05
906,2024-02-18 19:00:00,82.05
907,2024-02-18 19:05:00,82.05
908,2024-02-18 19:10:00,82.05
909,2024-02-18 19:15:00,82.05
910,2024-02-18 19:20:00,82.05
911,2024-02-18 19:25:00,82.05
912,2024-02-18 19:30:00,82.05
913,2024-02-18 19:35:00,82.05
914,2024-02-18 19:40:00,82.05
915,2024-02-18 19:45:00,82.05
916,2024-02-18 19:50:00,82.05
917,2024-02-18 19:55:00,82.05
918,2024-02-18 20:00:00,82.05
919,2024-02-18 20:05:00,82.05
920,2024-02-18 20:10:00,82.05
921,2024-02-18 20:15:00,82.05
922,2024-02-18 20:20:00,82.05
923,2024-02-18 20:25:00,82.05
924,2024-02-18 20:30:00,82.05
925,2024-02-18 20:35:00,82.05
926,2024-02-18 20:40:00,82.05
927,2024-02-18 20:45:00,82.05
928,2024-02-18 20:50:00,82.05
929,2024-02-18 20:55:00,82.05
930,2024-02-18 21:00:00,82.05
931,2024-02-18 21:05:00,82.05
932,2024-02-18 21:10:00,82.05
933,2024-02-18 21:15:00,82.05
934,2024-02-18 21:20:00,82.05
935,2024-02-18 21:25:00,82.05
936,2024-02-18 21:30:00,82.05
937,2024-02-18 21:35:00,82.05
938,2024-02-18 21:40:00,82.05
939,2024-02-18 21:45:00,82.05
940,2024-02-18 21:50:00,82.05
941,2024-02-18 21:55:00,82.05
942,2024-02-18 22:00:00,82.05
943,2024-02-18 22:05:00,82.05
944,2024-02-18 22:10:00,82.05
945,2024-02-18 22:15:00,82.05
946,2024-02-18 22:20:00,82.05
947,2024-02-18 22:25:00,82.05
948,2024-02-18 22:30:00,82.05
949,2024-02-18 22:35:00,82.05
950,2024-02-18 22:40:00,82.05
951,2024-02-18 22:45:00,82.05
952,2024-02-18 22:50:00,82.05
953,2024-02-18 22:55:00,82.05
954,2024-02-18 23:00:00,82.05
955,2024-02-18 23:05:00,82.05
956,2024-02-18 23:10:00,82.05
957,2024-02-18 23:15:00,82.05
958,2024-02-18 23:20:00,82.05
959,2024-02-18 23:25:00,82.05
960,2024-02-18 23:30:00,82.05
961,2024-02-18 23:35:00,82.05
962,2024-02-18 23:40:00,82.05
963,2024-02-18 23:45:00,82.05
964,2024-02-18 23:50:00,82.05
965,2024-02-18 23:55:00,82.05
966,2024-02-19 00:00:00,82.05
967,2024-02-19 00:05:00,82.05
968,2024-02-19 00:10:00,82.05
969,2024-02-19 00:15:00,82.05
970,2024-02-19 00:20:00,82.05
971,2024-02-19 00:25:00,82.05
972,2024-02-19 00:30:00,82.05
973,2024-02-19 00:35:00,82.05
974,2024-02-19 00:40:00,82.05
975,2024-02-19 00:45:00,82.05
976,2024-02-19 00:50:00,82.05
977,2024-02-19 00:55:00,82.05
978,2024-02-19 01:00:00,82.05
979,2024-02-19 01:05:00,82.05
980,2024-02-19 01:10:00,82.05
981,2024-02-19 01:15:00,82.05
982,2024-02-19 01:20:00,82.05
983,2024-02-19 01:25:00,82.05
984,2024-02-19 01:30:00,82.05
985,2024-02-19 01:35:00,82.05
986,2024-02-19 01:40:00,82.05
987,2024-02-19 01:45:00,82.05
988,2024-02-19 01:50:00,82.05
989,2024-02-19 01:55:00,82.05
990,2024-02-19 02:00:00,82.05
991,2024-02-19 02:05:00,82.05
992,2024-02-19 02:10:00,82.05
993,2024-02-19 02:15:00,82.05
994,2024-02-19 02:20:00,82.05
995,2024-02-19 02:25:00,82.05
996,2024-02-19 02:30:00,82.05
997,2024-02-19 02:35:00,82.05
998,2024-02-19 02:40:00,82.05
999,2024-02-19 02:45:00,82.05
1000,2024-02-19 02:50:00,82.05
1001,2024-02-19 02:55:00,82.05
1002,2024-02-19 03:00:00,82.05
1003,2024-02-19 03:05:00,82.05
1004,2024-02-19 03:10:00,82.05
1005,2024-02-19 03:15:00,82.05
1006,2024-02-19 03:20:00,82.05
1007,2024-02-19 03:25:00,82.05
1008,2024-02-19 03:30:00,82.05
1009,2024-02-19 03:35:00,82.05
1010,2024-02-19 03:40:00,82.05
1011,2024-02-19 03:45:00,82.05
1012,2024-02-19 03:50:00,82.05
1013,2024-02-19 03:55:00,82.05
1014,2024-02-19 04:00:00,82.05
1015,2024-02-19 04:05:00,82.05
1016,2024-02-19 04:10:00,82.05
1017,2024-02-19 04:15:00,82.05
1018,2024-02-19 04:20:00,82.05
1019,2024-02-19 04:25:00,82.05
1020,2024-02-19 04:30:00,82.05
1021,2024-02-19 04:35:00,82.05
1022,2024-02-19 04:40:00,82.05
1023,2024-02-19 04:45:00,82.05
1024,2024-02-19 04:50:00,82.05
1025,2024-02-19 04:55:00,82.05
1026,2024-02-19 05:00:00,82.05
1027,2024-02-19 05:05:00,82.05
1028,2024-02-19 05:10:00,82.05
1029,2024-02-19 05:15:00,82.05
1030,2024-02-19 05:20:00,82.05
1031,2024-02-19 05:25:00,82.05
1032,2024-02-19 05:30:00,82.05
1033,2024-02-19 05:35:00,82.05
1034,2024-02-19 05:40:00,82.05
1035,2024-02-19 05:45:00,82.05
1036,2024-02-19 05:50:00,82.05
1037,2024-02-19 05:55:00,82.05
1038,2024-02-19 06:00:00,82.05
1039,2024-02-19 06:05:00,82.05
1040,2024-02-19 06:10:00,82.05
1041,2024-02-19 06:15:00,82.05
1042,2024-02-19 06:20:00,82.05
1043,2024-02-19 06:25:00,82.05
1044,2024-02-19 06:30:00,82.05
1045,2024-02-19 06:35:00,82.05
1046,2024-02-19 06:40:00,82.05
1047,2024-02-19 06:45:00,82.05
1048,2024-02-19 06:50:00,82.05
1049,2024-02-19 06:55:00,82.05
1050,2024-02-19 07:00:00,82.05
1051,2024-02-19 07:05:00,82.05
1052,2024-02-19 07:10:00,82.05
1053,2024-02-19 07:15:00,82.05
1054,2024-02-19 07:20:00,82.05
1055,2024-02-19 07:25:00,82.05
1056,2024-02-19 07:30:00,82.05
1057,2024-02-19 07:35:00,82.05
1058,2024-02-19 07:40:00,82.05
1059,2024-02-19 07:45:00,82.05
1060,2024-02-19 07:50:00,82.05
1061,2024-02-19 07:55:00,82.05
1062,2024-02-19 08:00:00,82.05
1063,2024-02-19 08:05:00,82.05
1064,2024-02-19 08:10:00,82.05
1065,2024-02-19 08:15:00,82.05
1066,2024-02-19 08:20:00,82.05
1067,2024-02-19 08:25:00,82.05
1068,2024-02-19 08:30:00,82.05
1069,2024-02-19 08:35:00,82.05
1070,2024-02-19 08:40:00,82.05
1071,2024-02-19 08:45:00,82.05
1072,2024-02-19 08:50:00,82.05
1073,2024-02-19 08:55:00,82.05
1074,2024-02-19 09:00:00,82.05
1075,2024-02-19 09:05:00,82.05
1076,2024-02-19 09:10:00,82.05
1077,2024-02-19 09:15:00,89.85
1078,2024-02-19 09:20:00,86.7
1079,2024-02-19 09:25:00,86.7
1080,2024-02-19 09:30:00,86.7
1081,2024-02-19 09:35:00,86.7
1082,2024-02-19 09:40:00,75.35
1083,2024-02-19 09:45:00,75.35
1084,2024-02-19 09:50:00,64.35
1085,2024-02-19 09:55:00,64.35
1086,2024-02-19 10:00:00,64.35
1087,2024-02-19 10:05:00,64.35
1088,2024-02-19 10:10:00,64.35
1089,2024-02-19 10:15:00,64.35
1090,2024-02-19 10:20:00,89.3
1091,2024-02-19 10:25:00,89.3
1092,2024-02-19 10:30:00,89.3
1093,2024-02-19 10:35:00,89.3
1094,2024-02-19 10:40:00,89.3
1095,2024-02-19 10:45:00,89.3
1096,2024-02-19 10:50:00,87.3
1097,2024-02-19 10:55:00,87.3
1098,2024-02-19 11:00:00,87.3
1099,2024-02-19 11:05:00,87.3
1100,2024-02-19 11:10:00,109.3
1101,2024-02-19 11:15:00,109.3
1102,2024-02-19 11:20:00,112.3
1103,2024-02-19 11:25:00,112.3
1104,2024-02-19 11:30:00,112.3
1105,2024-02-19 11:35:00,112.3
1106,2024-02-19 11:40:00,112.3
1107,2024-02-19 11:45:00,112.3
1108,2024-02-19 11:50:00,112.3
1109,2024-02-19 11:55:00,112.3
1110,2024-02-19 12:00:00,112.3
1111,2024-02-19 12:05:00,121.85
1112,2024-02-19 12:10:00,121.85
1113,2024-02-19 12:15:00,121.85
1114,2024-02-19 12:20:00,121.85
1115,2024-02-19 12:25:00,121.85
1116,2024-02-19 12:30:00,121.85
1117,2024-02-19 12:35:00,121.85
1118,2024-02-19 12:40:00,121.85
1119,2024-02-19 12:45:00,121.85
1120,2024-02-19 12:50:00,121.85
1121,2024-02-19 12:55:00,121.85
1122,2024-02-19 13:00:00,121.85
1123,2024-02-19 13:05:00,121.85
1124,2024-02-19 13:10:00,121.85
1125,2024-02-19 13:15:00,121.85
1126,2024-02-19 13:20:00,126.25
1127,2024-02-19 13:25:00,126.25
1128,2024-02-19 13:30:00,126.25
1129,2024-02-19 13:35:00,126.25
1130,2024-02-19 13:40:00,126.25
1131,2024-02-19 13:45:00,126.25
1132,2024-02-19 13:50:00,126.25
1133,2024-02-19 13:55:00,128.15
1134,2024-02-19 14:00:00,128.15
1135,2024-02-19 14:05:00,128.15
1136,2024-02-19 14:10:00,128.15
1137,2024-02-19 14:15:00,128.15
1138,2024-02-19 14:20:00,140.65
1139,2024-02-19 14:25:00,140.65
1140,2024-02-19 14:30:00,140.65
1141,2024-02-19 14:35:00,140.65
1142,2024-02-19 14:40:00,140.65
1143,2024-02-19 14:45:00,140.65
1144,2024-02-19 14:50:00,140.65
1145,2024-02-19 14:55:00,108.8
1146,2024-02-19 15:00:00,100.75
1147,2024-02-19 15:05:00,100.75
1148,2024-02-19 15:10:00,100.75
1149,2024-02-19 15:15:00,100.75
1150,2024-02-19 15:20:00,91.5
1151,2024-02-19 15:25:00,91.5
1152,2024-02-19 15:30:00,88.65
1153,2024-02-19 15:35:00,88.65
1154,2024-02-19 15:40:00,88.65
1155,2024-02-19 15:45:00,88.65
1156,2024-02-19 15:50:00,88.65
1157,2024-02-19 15:55:00,88.65
1158,2024-02-19 16:00:00,88.65
1159,2024-02-19 16:05:00,88.65
1160,2024-02-19 16:10:00,88.65
1161,2024-02-19 16:15:00,88.65
1162,2024-02-19 16:20:00,88.65
1163,2024-02-19 16:25:00,88.65
1164,2024-02-19 16:30:00,88.65
1165,2024-02-19 16:35:00,88.65
1166,2024-02-19 16:40:00,88.65
1167,2024-02-19 16:45:00,88.65
1168,2024-02-19 16:50:00,88.65
1169,2024-02-19 16:55:00,88.65
1170,2024-02-19 17:00:00,88.65
1171,2024-02-19 17:05:00,88.65
1172,2024-02-19 17:10:00,88.65
1173,2024-02-19 17:15:00,88.65
1174,2024-02-19 17:20:00,88.65
1175,2024-02-19 17:25:00,88.65
1176,2024-02-19 17:30:00,88.65
1177,2024-02-19 17:35:00,88.65
1178,2024-02-19 17:40:00,88.65
1179,2024-02-19 17:45:00,88.65
1180,2024-02-19 17:50:00,88.65
1181,2024-02-19 17:55:00,88.65
1182,2024-02-19 18:00:00,88.65
1183,2024-02-19 18:05:00,88.65
1184,2024-02-19 18:10:00,88.65
1185,2024-02-19 18:15:00,88.65
1186,2024-02-19 18:20:00,88.65
1187,2024-02-19 18:25:00,88.65
1188,2024-02-19 18:30:00,88.65
1189,2024-02-19 18:35:00,88.65
1190,2024-02-19 18:40:00,88.65
1191,2024-02-19 18:45:00,88.65
1192,2024-02-19 18:50:00,88.65
1193,2024-02-19 18:55:00,88.65
1194,2024-02-19 19:00:00,88.65
1195,2024-02-19 19:05:00,88.65
1196,2024-02-19 19:10:00,88.65
1197,2024-02-19 19:15:00,88.65
1198,2024-02-19 19:20:00,88.65
1199,2024-02-19 19:25:00,88.65
1200,2024-02-19 19:30:00,88.65
1201,2024-02-19 19:35:00,88.65
1202,2024-02-19 19:40:00,88.65
1203,2024-02-19 19:45:00,88.65
1204,2024-02-19 19:50:00,88.65
1205,2024-02-19 19:55:00,88.65
1206,2024-02-19 20:00:00,88.65
1207,2024-02-19 20:05:00,88.65
1208,2024-02-19 20:10:00,88.65
1209,2024-02-19 20:15:00,88.65
1210,2024-02-19 20:20:00,88.65
1211,2024-02-19 20:25:00,88.65
1212,2024-02-19 20:30:00,88.65
1213,2024-02-19 20:35:00,88.65
1214,2024-02-19 20:40:00,88.65
1215,2024-02-19 20:45:00,88.65
1216,2024-02-19 20:50:00,88.65
1217,2024-02-19 20:55:00,88.65
1218,2024-02-19 21:00:00,88.65
1219,2024-02-19 21:05:00,88.65
1220,2024-02-19 21:10:00,88.65
1221,2024-02-19 21:15:00,88.65
1222,2024-02-19 21:20:00,88.65
1223,2024-02-19 21:25:00,88.65
1224,2024-02-19 21:30:00,88.65
1225,2024-02-19 21:35:00,88.65
1226,2024-02-19 21:40:00,88.65
1227,2024-02-19 21:45:00,88.65
1228,2024-02-19 21:50:00,88.65
1229,2024-02-19 21:55:00,88.65
1230,2024-02-19 22:00:00,88.65
1231,2024-02-19 22:05:00,88.65
1232,2024-02-19 22:10:00,88.65
1233,2024-02-19 22:15:00,88.65
1234,2024-02-19 22:20:00,88.65
1235,2024-02-19 22:25:00,88.65
1236,2024-02-19 22:30:00,88.65
1237,2024-02-19 22:35:00,88.65
1238,2024-02-19 22:40:00,88.65
1239,2024-02-19 22:45:00,88.65
1240,2024-02-19 22:50:00,88.65
1241,2024-02-19 22:55:00,88.65
1242,2024-02-19 23:00:00,88.65
1243,2024-02-19 23:05:00,88.65
1244,2024-02-19 23:10:00,88.65
1245,2024-02-19 23:15:00,88.65
1246,2024-02-19 23:20:00,88.65
1247,2024-02-19 23:25:00,88.65
1248,2024-02-19 23:30:00,88.65
1249,2024-02-19 23:35:00,88.65
1250,2024-02-19 23:40:00,88.65
1251,2024-02-19 23:45:00,88.65
1252,2024-02-19 23:50:00,88.65
1253,2024-02-19 23:55:00,88.65
1254,2024-02-20 00:00:00,88.65
1255,2024-02-20 00:05:00,88.65
1256,2024-02-20 00:10:00,88.65
1257,2024-02-20 00:15:00,88.65
1258,2024-02-20 00:20:00,88.65
1259,2024-02-20 00:25:00,88.65
1260,2024-02-20 00:30:00,88.65
1261,2024-02-20 00:35:00,88.65
1262,2024-02-20 00:40:00,88.65
1263,2024-02-20 00:45:00,88.65
1264,2024-02-20 00:50:00,88.65
1265,2024-02-20 00:55:00,88.65
1266,2024-02-20 01:00:00,88.65
1267,2024-02-20 01:05:00,88.65
1268,2024-02-20 01:10:00,88.65
1269,2024-02-20 01:15:00,88.65
1270,2024-02-20 01:20:00,88.65
1271,2024-02-20 01:25:00,88.65
1272,2024-02-20 01:30:00,88.65
1273,2024-02-20 01:35:00,88.65
1274,2024-02-20 01:40:00,88.65
1275,2024-02-20 01:45:00,88.65
1276,2024-02-20 01:50:00,88.65
1277,2024-02-20 01:55:00,88.65
1278,2024-02-20 02:00:00,88.65
1279,2024-02-20 02:05:00,88.65
1280,2024-02-20 02:10:00,88.65
1281,2024-02-20 02:15:00,88.65
1282,2024-02-20 02:20:00,88.65
1283,2024-02-20 02:25:00,88.65
1284,2024-02-20 02:30:00,88.65
1285,2024-02-20 02:35:00,88.65
1286,2024-02-20 02:40:00,88.65
1287,2024-02-20 02:45:00,88.65
1288,2024-02-20 02:50:00,88.65
1289,2024-02-20 02:55:00,88.65
1290,2024-02-20 03:00:00,88.65
1291,2024-02-20 03:05:00,88.65
1292,2024-02-20 03:10:00,88.65
1293,2024-02-20 03:15:00,88.65
1294,2024-02-20 03:20:00,88.65
1295,2024-02-20 03:25:00,88.65
1296,2024-02-20 03:30:00,88.65
1297,2024-02-20 03:35:00,88.65
1298,2024-02-20 03:40:00,88.65
1299,2024-02-20 03:45:00,88.65
1300,2024-02-20 03:50:00,88.65
1301,2024-02-20 03:55:00,88.65
1302,2024-02-20 04:00:00,88.65
1303,2024-02-20 04:05:00,88.65
1304,2024-02-20 04:10:00,88.65
1305,2024-02-20 04:15:00,88.65
1306,2024-02-20 04:20:00,88.65
1307,2024-02-20 04:25:00,88.65
1308,2024-02-20 04:30:00,88.65
1309,2024-02-20 04:35:00,88.65
1310,2024-02-20 04:40:00,88.65
1311,2024-02-20 04:45:00,88.65
1312,2024-02-20 04:50:00,88.65
1313,2024-02-20 04:55:00,88.65
1314,2024-02-20 05:00:00,88.65
1315,2024-02-20 05:05:00,88.65
1316,2024-02-20 05:10:00,88.65
1317,2024-02-20 05:15:00,88.65
1318,2024-02-20 05:20:00,88.65
1319,2024-02-20 05:25:00,88.65
1320,2024-02-20 05:30:00,88.65
1321,2024-02-20 05:35:00,88.65
1322,2024-02-20 05:40:00,88.65
1323,2024-02-20 05:45:00,88.65
1324,2024-02-20 05:50:00,88.65
1325,2024-02-20 05:55:00,88.65
1326,2024-02-20 06:00:00,88.65
1327,2024-02-20 06:05:00,88.65
1328,2024-02-20 06:10:00,88.65
1329,2024-02-20 06:15:00,88.65
1330,2024-02-20 06:20:00,88.65
1331,2024-02-20 06:25:00,88.65
1332,2024-02-20 06:30:00,88.65
1333,2024-02-20 06:35:00,88.65
1334,2024-02-20 06:40:00,88.65
1335,2024-02-20 06:45:00,88.65
1336,2024-02-20 06:50:00,88.65
1337,2024-02-20 06:55:00,88.65
1338,2024-02-20 07:00:00,88.65
1339,2024-02-20 07:05:00,88.65
1340,2024-02-20 07:10:00,88.65
1341,2024-02-20 07:15:00,88.65
1342,2024-02-20 07:20:00,88.65
1343,2024-02-20 07:25:00,88.65
1344,2024-02-20 07:30:00,88.65
1345,2024-02-20 07:35:00,88.65
1346,2024-02-20 07:40:00,88.65
1347,2024-02-20 07:45:00,88.65
1348,2024-02-20 07:50:00,88.65
1349,2024-02-20 07:55:00,88.65
1350,2024-02-20 08:00:00,88.65
1351,2024-02-20 08:05:00,88.65
1352,2024-02-20 08:10:00,88.65
1353,2024-02-20 08:15:00,88.65
1354,2024-02-20 08:20:00,88.65
1355,2024-02-20 08:25:00,88.65
1356,2024-02-20 08:30:00,88.65
1357,2024-02-20 08:35:00,88.65
1358,2024-02-20 08:40:00,88.65
1359,2024-02-20 08:45:00,88.65
1360,2024-02-20 08:50:00,88.65
1361,2024-02-20 08:55:00,88.65
1362,2024-02-20 09:00:00,88.65
1363,2024-02-20 09:05:00,88.65
1364,2024-02-20 09:10:00,88.65
1365,2024-02-20 09:15:00,62.5
1366,2024-02-20 09:20:00,66.65
1367,2024-02-20 09:25:00,71.35
1368,2024-02-20 09:30:00,66.0
1369,2024-02-20 09:35:00,72.8
1370,2024-02-20 09:40:00,80.15
1371,2024-02-20 09:45:00,67.15
1372,2024-02-20 09:50:00,62.95
1373,2024-02-20 09:55:00,65.1
1374,2024-02-20 10:00:00,62.55
1375,2024-02-20 10:05:00,68.8
1376,2024-02-20 10:10:00,71.5
1377,2024-02-20 10:15:00,84.05
1378,2024-02-20 10:20:00,82.7
1379,2024-02-20 10:25:00,86.2
1380,2024-02-20 10:30:00,83.5
1381,2024-02-20 10:35:00,79.4
1382,2024-02-20 10:40:00,70.1
1383,2024-02-20 10:45:00,72.35
1384,2024-02-20 10:50:00,66.9
1385,2024-02-20 10:55:00,66.9
1386,2024-02-20 11:00:00,68.35
1387,2024-02-20 11:05:00,71.4
1388,2024-02-20 11:10:00,70.95
1389,2024-02-20 11:15:00,79.3
1390,2024-02-20 11:20:00,82.35
1391,2024-02-20 11:25:00,81.65
1392,2024-02-20 11:30:00,88.95
1393,2024-02-20 11:35:00,77.0
1394,2024-02-20 11:40:00,77.35
1395,2024-02-20 11:45:00,82.5
1396,2024-02-20 11:50:00,82.0
1397,2024-02-20 11:55:00,90.3
1398,2024-02-20 12:00:00,102.35
1399,2024-02-20 12:05:00,108.7
1400,2024-02-20 12:10:00,99.1
1401,2024-02-20 12:15:00,92.95
1402,2024-02-20 12:20:00,99.3
1403,2024-02-20 12:25:00,97.35
1404,2024-02-20 12:30:00,96.0
1405,2024-02-20 12:35:00,95.6
1406,2024-02-20 12:40:00,99.0
1407,2024-02-20 12:45:00,98.4
1408,2024-02-20 12:50:00,96.6
1409,2024-02-20 12:55:00,94.25
1410,2024-02-20 13:00:00,94.65
1411,2024-02-20 13:05:00,94.85
1412,2024-02-20 13:10:00,86.55
1413,2024-02-20 13:15:00,85.85
1414,2024-02-20 13:20:00,89.55
1415,2024-02-20 13:25:00,96.45
1416,2024-02-20 13:30:00,97.3
1417,2024-02-20 13:35:00,91.15
1418,2024-02-20 13:40:00,95.65
1419,2024-02-20 13:45:00,93.4
1420,2024-02-20 13:50:00,82.35
1421,2024-02-20 13:55:00,79.3
1422,2024-02-20 14:00:00,60.75
1423,2024-02-20 14:05:00,70.05
1424,2024-02-20 14:10:00,72.5
1425,2024-02-20 14:15:00,79.5
1426,2024-02-20 14:20:00,85.3
1427,2024-02-20 14:25:00,87.05
1428,2024-02-20 14:30:00,92.15
1429,2024-02-20 14:35:00,81.3
1430,2024-02-20 14:40:00,81.15
1431,2024-02-20 14:45:00,77.15
1432,2024-02-20 14:50:00,82.65
1433,2024-02-20 14:55:00,79.9
1434,2024-02-20 15:00:00,93.55
1435,2024-02-20 15:05:00,102.7
1436,2024-02-20 15:10:00,106.15
1437,2024-02-20 15:15:00,104.55
1438,2024-02-20 15:20:00,109.4
1439,2024-02-20 15:25:00,110.75
1440,2024-02-20 15:30:00,110.1
1441,2024-02-20 15:35:00,110.1
1442,2024-02-20 15:40:00,110.1
1443,2024-02-20 15:45:00,110.1
1444,2024-02-20 15:50:00,110.1
1445,2024-02-20 15:55:00,110.1
1446,2024-02-20 16:00:00,110.1
1447,2024-02-20 16:05:00,110.1
1448,2024-02-20 16:10:00,110.1
1449,2024-02-20 16:15:00,110.1
1450,2024-02-20 16:20:00,110.1
1451,2024-02-20 16:25:00,110.1
1452,2024-02-20 16:30:00,110.1
1453,2024-02-20 16:35:00,110.1
1454,2024-02-20 16:40:00,110.1
1455,2024-02-20 16:45:00,110.1
1456,2024-02-20 16:50:00,110.1
1457,2024-02-20 16:55:00,110.1
1458,2024-02-20 17:00:00,110.1
1459,2024-02-20 17:05:00,110.1
1460,2024-02-20 17:10:00,110.1
1461,2024-02-20 17:15:00,110.1
1462,2024-02-20 17:20:00,110.1
1463,2024-02-20 17:25:00,110.1
1464,2024-02-20 17:30:00,110.1
1465,2024-02-20 17:35:00,110.1
1466,2024-02-20 17:40:00,110.1
1467,2024-02-20 17:45:00,110.1
1468,2024-02-20 17:50:00,110.1
1469,2024-02-20 17:55:00,110.1
1470,2024-02-20 18:00:00,110.1
1471,2024-02-20 18:05:00,110.1
1472,2024-02-20 18:10:00,110.1
1473,2024-02-20 18:15:00,110.1
1474,2024-02-20 18:20:00,110.1
1475,2024-02-20 18:25:00,110.1
1476,2024-02-20 18:30:00,110.1
1477,2024-02-20 18:35:00,110.1
1478,2024-02-20 18:40:00,110.1
1479,2024-02-20 18:45:00,110.1
1480,2024-02-20 18:50:00,110.1
1481,2024-02-20 18:55:00,110.1
1482,2024-02-20 19:00:00,110.1
1483,2024-02-20 19:05:00,110.1
1484,2024-02-20 19:10:00,110.1
1485,2024-02-20 19:15:00,110.1
1486,2024-02-20 19:20:00,110.1
1487,2024-02-20 19:25:00,110.1
1488,2024-02-20 19:30:00,110.1
1489,2024-02-20 19:35:00,110.1
1490,2024-02-20 19:40:00,110.1
1491,2024-02-20 19:45:00,110.1
1492,2024-02-20 19:50:00,110.1
1493,2024-02-20 19:55:00,110.1
1494,2024-02-20 20:00:00,110.1
1495,2024-02-20 20:05:00,110.1
1496,2024-02-20 20:10:00,110.1
1497,2024-02-20 20:15:00,110.1
1498,2024-02-20 20:20:00,110.1
1499,2024-02-20 20:25:00,110.1
1500,2024-02-20 20:30:00,110.1
1501,2024-02-20 20:35:00,110.1
1502,2024-02-20 20:40:00,110.1
1503,2024-02-20 20:45:00,110.1
1504,2024-02-20 20:50:00,110.1
1505,2024-02-20 20:55:00,110.1
1506,2024-02-20 21:00:00,110.1
1507,2024-02-20 21:05:00,110.1
1508,2024-02-20 21:10:00,110.1
1509,2024-02-20 21:15:00,110.1
1510,2024-02-20 21:20:00,110.1
1511,2024-02-20 21:25:00,110.1
1512,2024-02-20 21:30:00,110.1
1513,2024-02-20 21:35:00,110.1
1514,2024-02-20 21:40:00,110.1
1515,2024-02-20 21:45:00,110.1
1516,2024-02-20 21:50:00,110.1
1517,2024-02-20 21:55:00,110.1
1518,2024-02-20 22:00:00,110.1
1519,2024-02-20 22:05:00,110.1
1520,2024-02-20 22:10:00,110.1
1521,2024-02-20 22:15:00,110.1
1522,2024-02-20 22:20:00,110.1
1523,2024-02-20 22:25:00,110.1
1524,2024-02-20 22:30:00,110.1
1525,2024-02-20 22:35:00,110.1
1526,2024-02-20 22:40:00,110.1
1527,2024-02-20 22:45:00,110.1
1528,2024-02-20 22:50:00,110.1
1529,2024-02-20 22:55:00,110.1
1530,2024-02-20 23:00:00,110.1
1531,2024-02-20 23:05:00,110.1
1532,2024-02-20 23:10:00,110.1
1533,2024-02-20 23:15:00,110.1
1534,2024-02-20 23:20:00,110.1
1535,2024-02-20 23:25:00,110.1
1536,2024-02-20 23:30:00,110.1
1537,2024-02-20 23:35:00,110.1
1538,2024-02-20 23:40:00,110.1
1539,2024-02-20 23:45:00,110.1
1540,2024-02-20 23:50:00,110.1
1541,2024-02-20 23:55:00,110.1
1542,2024-02-21 00:00:00,110.1
1543,2024-02-21 00:05:00,110.1
1544,2024-02-21 00:10:00,110.1
1545,2024-02-21 00:15:00,110.1
1546,2024-02-21 00:20:00,110.1
1547,2024-02-21 00:25:00,110.1
1548,2024-02-21 00:30:00,110.1
1549,2024-02-21 00:35:00,110.1
1550,2024-02-21 00:40:00,110.1
1551,2024-02-21 00:45:00,110.1
1552,2024-02-21 00:50:00,110.1
1553,2024-02-21 00:55:00,110.1
1554,2024-02-21 01:00:00,110.1
1555,2024-02-21 01:05:00,110.1
1556,2024-02-21 01:10:00,110.1
1557,2024-02-21 01:15:00,110.1
1558,2024-02-21 01:20:00,110.1
1559,2024-02-21 01:25:00,110.1
1560,2024-02-21 01:30:00,110.1
1561,2024-02-21 01:35:00,110.1
1562,2024-02-21 01:40:00,110.1
1563,2024-02-21 01:45:00,110.1
1564,2024-02-21 01:50:00,110.1
1565,2024-02-21 01:55:00,110.1
1566,2024-02-21 02:00:00,110.1
1567,2024-02-21 02:05:00,110.1
1568,2024-02-21 02:10:00,110.1
1569,2024-02-21 02:15:00,110.1
1570,2024-02-21 02:20:00,110.1
1571,2024-02-21 02:25:00,110.1
1572,2024-02-21 02:30:00,110.1
1573,2024-02-21 02:35:00,110.1
1574,2024-02-21 02:40:00,110.1
1575,2024-02-21 02:45:00,110.1
1576,2024-02-21 02:50:00,110.1
1577,2024-02-21 02:55:00,110.1
1578,2024-02-21 03:00:00,110.1
1579,2024-02-21 03:05:00,110.1
1580,2024-02-21 03:10:00,110.1
1581,2024-02-21 03:15:00,110.1
1582,2024-02-21 03:20:00,110.1
1583,2024-02-21 03:25:00,110.1
1584,2024-02-21 03:30:00,110.1
1585,2024-02-21 03:35:00,110.1
1586,2024-02-21 03:40:00,110.1
1587,2024-02-21 03:45:00,110.1
1588,2024-02-21 03:50:00,110.1
1589,2024-02-21 03:55:00,110.1
1590,2024-02-21 04:00:00,110.1
1591,2024-02-21 04:05:00,110.1
1592,2024-02-21 04:10:00,110.1
1593,2024-02-21 04:15:00,110.1
1594,2024-02-21 04:20:00,110.1
1595,2024-02-21 04:25:00,110.1
1596,2024-02-21 04:30:00,110.1
1597,2024-02-21 04:35:00,110.1
1598,2024-02-21 04:40:00,110.1
1599,2024-02-21 04:45:00,110.1
1600,2024-02-21 04:50:00,110.1
1601,2024-02-21 04:55:00,110.1
1602,2024-02-21 05:00:00,110.1
1603,2024-02-21 05:05:00,110.1
1604,2024-02-21 05:10:00,110.1
1605,2024-02-21 05:15:00,110.1
1606,2024-02-21 05:20:00,110.1
1607,2024-02-21 05:25:00,110.1
1608,2024-02-21 05:30:00,110.1
1609,2024-02-21 05:35:00,110.1
1610,2024-02-21 05:40:00,110.1
1611,2024-02-21 05:45:00,110.1
1612,2024-02-21 05:50:00,110.1
1613,2024-02-21 05:55:00,110.1
1614,2024-02-21 06:00:00,110.1
1615,2024-02-21 06:05:00,110.1
1616,2024-02-21 06:10:00,110.1
1617,2024-02-21 06:15:00,110.1
1618,2024-02-21 06:20:00,110.1
1619,2024-02-21 06:25:00,110.1
1620,2024-02-21 06:30:00,110.1
1621,2024-02-21 06:35:00,110.1
1622,2024-02-21 06:40:00,110.1
1623,2024-02-21 06:45:00,110.1
1624,2024-02-21 06:50:00,110.1
1625,2024-02-21 06:55:00,110.1
1626,2024-02-21 07:00:00,110.1
1627,2024-02-21 07:05:00,110.1
1628,2024-02-21 07:10:00,110.1
1629,2024-02-21 07:15:00,110.1
1630,2024-02-21 07:20:00,110.1
1631,2024-02-21 07:25:00,110.1
1632,2024-02-21 07:30:00,110.1
1633,2024-02-21 07:35:00,110.1
1634,2024-02-21 07:40:00,110.1
1635,2024-02-21 07:45:00,110.1
1636,2024-02-21 07:50:00,110.1
1637,2024-02-21 07:55:00,110.1
1638,2024-02-21 08:00:00,110.1
1639,2024-02-21 08:05:00,110.1
1640,2024-02-21 08:10:00,110.1
1641,2024-02-21 08:15:00,110.1
1642,2024-02-21 08:20:00,110.1
1643,2024-02-21 08:25:00,110.1
1644,2024-02-21 08:30:00,110.1
1645,2024-02-21 08:35:00,110.1
1646,2024-02-21 08:40:00,110.1
1647,2024-02-21 08:45:00,110.1
1648,2024-02-21 08:50:00,110.1
1649,2024-02-21 08:55:00,110.1
1650,2024-02-21 09:00:00,110.1
1651,2024-02-21 09:05:00,110.1
1652,2024-02-21 09:10:00,110.1
1653,2024-02-21 09:15:00,107.0
1654,2024-02-21 09:20:00,106.1
1655,2024-02-21 09:25:00,101.75
1656,2024-02-21 09:30:00,101.65
1657,2024-02-21 09:35:00,101.65
1658,2024-02-21 09:40:00,101.65
1659,2024-02-21 09:45:00,108.85
1660,2024-02-21 09:50:00,108.85
1661,2024-02-21 09:55:00,108.85
1662,2024-02-21 10:00:00,108.85
1663,2024-02-21 10:05:00,108.85
1664,2024-02-21 10:10:00,108.85
1665,2024-02-21 10:15:00,108.85
1666,2024-02-21 10:20:00,108.85
1667,2024-02-21 10:25:00,108.85
1668,2024-02-21 10:30:00,108.85
1669,2024-02-21 10:35:00,108.85
1670,2024-02-21 10:40:00,76.5
1671,2024-02-21 10:45:00,74.95
1672,2024-02-21 10:50:00,74.95
1673,2024-02-21 10:55:00,74.95
1674,2024-02-21 11:00:00,74.95
1675,2024-02-21 11:05:00,74.95
1676,2024-02-21 11:10:00,74.95
1677,2024-02-21 11:15:00,74.95
1678,2024-02-21 11:20:00,74.95
1679,2024-02-21 11:25:00,74.95
1680,2024-02-21 11:30:00,74.95
1681,2024-02-21 11:35:00,84.8
1682,2024-02-21 11:40:00,84.8
1683,2024-02-21 11:45:00,84.8
1684,2024-02-21 11:50:00,84.8
1685,2024-02-21 11:55:00,84.8
1686,2024-02-21 12:00:00,84.8
1687,2024-02-21 12:05:00,85.0
1688,2024-02-21 12:10:00,85.0
1689,2024-02-21 12:15:00,85.0
1690,2024-02-21 12:20:00,85.0
1691,2024-02-21 12:25:00,87.6
1692,2024-02-21 12:30:00,87.6
1693,2024-02-21 12:35:00,87.6
1694,2024-02-21 12:40:00,87.6
1695,2024-02-21 12:45:00,91.3
1696,2024-02-21 12:50:00,91.3
1697,2024-02-21 12:55:00,91.3
1698,2024-02-21 13:00:00,91.3
1699,2024-02-21 13:05:00,91.3
1700,2024-02-21 13:10:00,91.3
1701,2024-02-21 13:15:00,91.3
1702,2024-02-21 13:20:00,91.3
1703,2024-02-21 13:25:00,91.3
1704,2024-02-21 13:30:00,91.3
1705,2024-02-21 13:35:00,91.3
1706,2024-02-21 13:40:00,91.3
1707,2024-02-21 13:45:00,91.3
1708,2024-02-21 13:50:00,60.8
1709,2024-02-21 13:55:00,60.8
1710,2024-02-21 14:00:00,52.7
1711,2024-02-21 14:05:00,52.7
1712,2024-02-21 14:10:00,52.7
1713,2024-02-21 14:15:00,52.7
1714,2024-02-21 14:20:00,30.15
1715,2024-02-21 14:25:00,29.55
1716,2024-02-21 14:30:00,29.55
1717,2024-02-21 14:35:00,21.0
1718,2024-02-21 14:40:00,21.4
1719,2024-02-21 14:45:00,20.1
1720,2024-02-21 14:50:00,19.4
1721,2024-02-21 14:55:00,17.25
1722,2024-02-21 15:00:00,17.45
1723,2024-02-21 15:05:00,24.35
1724,2024-02-21 15:10:00,24.35
1725,2024-02-21 15:15:00,24.35
1726,2024-02-21 15:20:00,24.35
1727,2024-02-21 15:25:00,14.0
1728,2024-02-21 15:30:00,14.3
1729,2024-02-21 15:35:00,14.3
1730,2024-02-21 15:40:00,14.3
1731,2024-02-21 15:45:00,14.3
1732,2024-02-21 15:50:00,14.3
1733,2024-02-21 15:55:00,14.3
1734,2024-02-21 16:00:00,14.3
1735,2024-02-21 16:05:00,14.3
1736,2024-02-21 16:10:00,14.3
1737,2024-02-21 16:15:00,14.3
1738,2024-02-21 16:20:00,14.3
1739,2024-02-21 16:25:00,14.3
1740,2024-02-21 16:30:00,14.3
1741,2024-02-21 16:35:00,14.3
1742,2024-02-21 16:40:00,14.3
1743,2024-02-21 16:45:00,14.3
1744,2024-02-21 16:50:00,14.3
1745,2024-02-21 16:55:00,14.3
1746,2024-02-21 17:00:00,14.3
1747,2024-02-21 17:05:00,14.3
1748,2024-02-21 17:10:00,14.3
1749,2024-02-21 17:15:00,14.3
1750,2024-02-21 17:20:00,14.3
1751,2024-02-21 17:25:00,14.3
1752,2024-02-21 17:30:00,14.3
1753,2024-02-21 17:35:00,14.3
1754,2024-02-21 17:40:00,14.3
1755,2024-02-21 17:45:00,14.3
1756,2024-02-21 17:50:00,14.3
1757,2024-02-21 17:55:00,14.3
1758,2024-02-21 18:00:00,14.3
1759,2024-02-21 18:05:00,14.3
1760,2024-02-21 18:10:00,14.3
1761,2024-02-21 18:15:00,14.3
1762,2024-02-21 18:20:00,14.3
1763,2024-02-21 18:25:00,14.3
1764,2024-02-21 18:30:00,14.3
1765,2024-02-21 18:35:00,14.3
1766,2024-02-21 18:40:00,14.3
1767,2024-02-21 18:45:00,14.3
1768,2024-02-21 18:50:00,14.3
1769,2024-02-21 18:55:00,14.3
1770,2024-02-21 19:00:00,14.3
1771,2024-02-21 19:05:00,14.3
1772,2024-02-21 19:10:00,14.3
1773,2024-02-21 19:15:00,14.3
1774,2024-02-21 19:20:00,14.3
1775,2024-02-21 19:25:00,14.3
1776,2024-02-21 19:30:00,14.3
1777,2024-02-21 19:35:00,14.3
1778,2024-02-21 19:40:00,14.3
1779,2024-02-21 19:45:00,14.3
1780,2024-02-21 19:50:00,14.3
1781,2024-02-21 19:55:00,14.3
1782,2024-02-21 20:00:00,14.3
1783,2024-02-21 20:05:00,14.3
1784,2024-02-21 20:10:00,14.3
1785,2024-02-21 20:15:00,14.3
1786,2024-02-21 20:20:00,14.3
1787,2024-02-21 20:25:00,14.3
1788,2024-02-21 20:30:00,14.3
1789,2024-02-21 20:35:00,14.3
1790,2024-02-21 20:40:00,14.3
1791,2024-02-21 20:45:00,14.3
1792,2024-02-21 20:50:00,14.3
1793,2024-02-21 20:55:00,14.3
1794,2024-02-21 21:00:00,14.3
1795,2024-02-21 21:05:00,14.3
1796,2024-02-21 21:10:00,14.3
1797,2024-02-21 21:15:00,14.3
1798,2024-02-21 21:20:00,14.3
1799,2024-02-21 21:25:00,14.3
1800,2024-02-21 21:30:00,14.3
1801,2024-02-21 21:35:00,14.3
1802,2024-02-21 21:40:00,14.3
1803,2024-02-21 21:45:00,14.3
1804,2024-02-21 21:50:00,14.3
1805,2024-02-21 21:55:00,14.3
1806,2024-02-21 22:00:00,14.3
1807,2024-02-21 22:05:00,14.3
1808,2024-02-21 22:10:00,14.3
1809,2024-02-21 22:15:00,14.3
1810,2024-02-21 22:20:00,14.3
1811,2024-02-21 22:25:00,14.3
1812,2024-02-21 22:30:00,14.3
1813,2024-02-21 22:35:00,14.3
1814,2024-02-21 22:40:00,14.3
1815,2024-02-21 22:45:00,14.3
1816,2024-02-21 22:50:00,14.3
1817,2024-02-21 22:55:00,14.3
1818,2024-02-21 23:00:00,14.3
1819,2024-02-21 23:05:00,14.3
1820,2024-02-21 23:10:00,14.3
1821,2024-02-21 23:15:00,14.3
1822,2024-02-21 23:20:00,14.3
1823,2024-02-21 23:25:00,14.3
1824,2024-02-21 23:30:00,14.3
1825,2024-02-21 23:35:00,14.3
1826,2024-02-21 23:40:00,14.3
1827,2024-02-21 23:45:00,14.3
1828,2024-02-21 23:50:00,14.3
1829,2024-02-21 23:55:00,14.3
1830,2024-02-22 00:00:00,14.3
1831,2024-02-22 00:05:00,14.3
1832,2024-02-22 00:10:00,14.3
1833,2024-02-22 00:15:00,14.3
1834,2024-02-22 00:20:00,14.3
1835,2024-02-22 00:25:00,14.3
1836,2024-02-22 00:30:00,14.3
1837,2024-02-22 00:35:00,14.3
1838,2024-02-22 00:40:00,14.3
1839,2024-02-22 00:45:00,14.3
1840,2024-02-22 00:50:00,14.3
1841,2024-02-22 00:55:00,14.3
1842,2024-02-22 01:00:00,14.3
1843,2024-02-22 01:05:00,14.3
1844,2024-02-22 01:10:00,14.3
1845,2024-02-22 01:15:00,14.3
1846,2024-02-22 01:20:00,14.3
1847,2024-02-22 01:25:00,14.3
1848,2024-02-22 01:30:00,14.3
1849,2024-02-22 01:35:00,14.3
1850,2024-02-22 01:40:00,14.3
1851,2024-02-22 01:45:00,14.3
1852,2024-02-22 01:50:00,14.3
1853,2024-02-22 01:55:00,14.3
1854,2024-02-22 02:00:00,14.3
1855,2024-02-22 02:05:00,14.3
1856,2024-02-22 02:10:00,14.3
1857,2024-02-22 02:15:00,14.3
1858,2024-02-22 02:20:00,14.3
1859,2024-02-22 02:25:00,14.3
1860,2024-02-22 02:30:00,14.3
1861,2024-02-22 02:35:00,14.3
1862,2024-02-22 02:40:00,14.3
1863,2024-02-22 02:45:00,14.3
1864,2024-02-22 02:50:00,14.3
1865,2024-02-22 02:55:00,14.3
1866,2024-02-22 03:00:00,14.3
1867,2024-02-22 03:05:00,14.3
1868,2024-02-22 03:10:00,14.3
1869,2024-02-22 03:15:00,14.3
1870,2024-02-22 03:20:00,14.3
1871,2024-02-22 03:25:00,14.3
1872,2024-02-22 03:30:00,14.3
1873,2024-02-22 03:35:00,14.3
1874,2024-02-22 03:40:00,14.3
1875,2024-02-22 03:45:00,14.3
1876,2024-02-22 03:50:00,14.3
1877,2024-02-22 03:55:00,14.3
1878,2024-02-22 04:00:00,14.3
1879,2024-02-22 04:05:00,14.3
1880,2024-02-22 04:10:00,14.3
1881,2024-02-22 04:15:00,14.3
1882,2024-02-22 04:20:00,14.3
1883,2024-02-22 04:25:00,14.3
1884,2024-02-22 04:30:00,14.3
1885,2024-02-22 04:35:00,14.3
1886,2024-02-22 04:40:00,14.3
1887,2024-02-22 04:45:00,14.3
1888,2024-02-22 04:50:00,14.3
1889,2024-02-22 04:55:00,14.3
1890,2024-02-22 05:00:00,14.3
1891,2024-02-22 05:05:00,14.3
1892,2024-02-22 05:10:00,14.3
1893,2024-02-22 05:15:00,14.3
1894,2024-02-22 05:20:00,14.3
1895,2024-02-22 05:25:00,14.3
1896,2024-02-22 05:30:00,14.3
1897,2024-02-22 05:35:00,14.3
1898,2024-02-22 05:40:00,14.3
1899,2024-02-22 05:45:00,14.3
1900,2024-02-22 05:50:00,14.3
1901,2024-02-22 05:55:00,14.3
1902,2024-02-22 06:00:00,14.3
1903,2024-02-22 06:05:00,14.3
1904,2024-02-22 06:10:00,14.3
1905,2024-02-22 06:15:00,14.3
1906,2024-02-22 06:20:00,14.3
1907,2024-02-22 06:25:00,14.3
1908,2024-02-22 06:30:00,14.3
1909,2024-02-22 06:35:00,14.3
1910,2024-02-22 06:40:00,14.3
1911,2024-02-22 06:45:00,14.3
1912,2024-02-22 06:50:00,14.3
1913,2024-02-22 06:55:00,14.3
1914,2024-02-22 07:00:00,14.3
1915,2024-02-22 07:05:00,14.3
1916,2024-02-22 07:10:00,14.3
1917,2024-02-22 07:15:00,14.3
1918,2024-02-22 07:20:00,14.3
1919,2024-02-22 07:25:00,14.3
1920,2024-02-22 07:30:00,14.3
1921,2024-02-22 07:35:00,14.3
1922,2024-02-22 07:40:00,14.3
1923,2024-02-22 07:45:00,14.3
1924,2024-02-22 07:50:00,14.3
1925,2024-02-22 07:55:00,14.3
1926,2024-02-22 08:00:00,14.3
1927,2024-02-22 08:05:00,14.3
1928,2024-02-22 08:10:00,14.3
1929,2024-02-22 08:15:00,14.3
1930,2024-02-22 08:20:00,14.3
1931,2024-02-22 08:25:00,14.3
1932,2024-02-22 08:30:00,14.3
1933,2024-02-22 08:35:00,14.3
1934,2024-02-22 08:40:00,14.3
1935,2024-02-22 08:45:00,14.3
1936,2024-02-22 08:50:00,14.3
1937,2024-02-22 08:55:00,14.3
1938,2024-02-22 09:00:00,14.3
1939,2024-02-22 09:05:00,14.3
1940,2024-02-22 09:10:00,14.3
1941,2024-02-22 09:15:00,13.7
1942,2024-02-22 09:20:00,13.3
1943,2024-02-22 09:25:00,13.3
1944,2024-02-22 09:30:00,8.25
1945,2024-02-22 09:35:00,8.95
1946,2024-02-22 09:40:00,8.95
1947,2024-02-22 09:45:00,8.95
1948,2024-02-22 09:50:00,9.35
1949,2024-02-22 09:55:00,6.55
1950,2024-02-22 10:00:00,6.45
1951,2024-02-22 10:05:00,6.2
1952,2024-02-22 10:10:00,5.65
1953,2024-02-22 10:15:00,5.65
1954,2024-02-22 10:20:00,5.65
1955,2024-02-22 10:25:00,5.65
1956,2024-02-22 10:30:00,5.65
1957,2024-02-22 10:35:00,5.65
1958,2024-02-22 10:40:00,5.65
1959,2024-02-22 10:45:00,5.65
1960,2024-02-22 10:50:00,5.65
1961,2024-02-22 10:55:00,5.65
1962,2024-02-22 11:00:00,5.65
1963,2024-02-22 11:05:00,3.3
1964,2024-02-22 11:10:00,3.3
1965,2024-02-22 11:15:00,3.3
1966,2024-02-22 11:20:00,3.3
1967,2024-02-22 11:25:00,3.3
1968,2024-02-22 11:30:00,2.7
1969,2024-02-22 11:35:00,2.7
1970,2024-02-22 11:40:00,2.7
1971,2024-02-22 11:45:00,2.65
1972,2024-02-22 11:50:00,2.65
1973,2024-02-22 11:55:00,2.7
1974,2024-02-22 12:00:00,2.65
1975,2024-02-22 12:05:00,2.55
1976,2024-02-22 12:10:00,2.2
1977,2024-02-22 12:15:00,2.0
1978,2024-02-22 12:20:00,1.5
1979,2024-02-22 12:25:00,1.5
1980,2024-02-22 12:30:00,1.5
1981,2024-02-22 12:35:00,1.6
1982,2024-02-22 12:40:00,1.4
1983,2024-02-22 12:45:00,1.3
1984,2024-02-22 12:50:00,1.0
1985,2024-02-22 12:55:00,1.0
1986,2024-02-22 13:00:00,0.9
1987,2024-02-22 13:05:00,1.0
1988,2024-02-22 13:10:00,0.95
1989,2024-02-22 13:15:00,1.05
1990,2024-02-22 13:20:00,1.0
1991,2024-02-22 13:25:00,1.05
1992,2024-02-22 13:30:00,1.05
1993,2024-02-22 13:35:00,1.05
1994,2024-02-22 13:40:00,1.05
1995,2024-02-22 13:45:00,2.3
1996,2024-02-22 13:50:00,3.25
1997,2024-02-22 13:55:00,3.25
1998,2024-02-22 14:00:00,3.85
1999,2024-02-22 14:05:00,3.85
2000,2024-02-22 14:10:00,1.6
2001,2024-02-22 14:15:00,1.7
2002,2024-02-22 14:20:00,1.7
2003,2024-02-22 14:25:00,1.7
2004,2024-02-22 14:30:00,1.45
2005,2024-02-22 14:35:00,2.9
2006,2024-02-22 14:40:00,2.1
2007,2024-02-22 14:45:00,5.85
2008,2024-02-22 14:50:00,9.85
2009,2024-02-22 14:55:00,15.45
2010,2024-02-22 15:00:00,14.95
2011,2024-02-22 15:05:00,8.45
2012,2024-02-22 15:10:00,11.75
2013,2024-02-22 15:15:00,23.35
2014,2024-02-22 15:20:00,20.05
2015,2024-02-22 15:25:00,17.5
