Date,Rank,Symbol,DailyRet%,Gap%,DayRange%,Close,Volume
2026-05-06,1,DELTACORP,12.05,3.34,18.51,78.92,32327597
2026-05-06,2,FSL,11.33,1.59,13.19,243.41,24452747
2026-05-06,3,HFCL,9.85,0.1,11.61,141.46,167554753
2026-05-06,4,COFORGE,9.55,7.91,4.18,1280.4,26656460
2026-05-06,5,ECLERX,9.16,0.84,9.39,1581.5,722545
2026-05-06,6,AJANTPHARM,6.86,2.09,6.56,3096.3,758180
2026-05-06,7,HINDPETRO,6.77,1.36,6.69,399.2,12641387
2026-05-06,8,INDIGO,6.65,1.93,5.9,4520.2,2657960
2026-05-06,9,INDOCO,6.23,1.46,6.46,228.68,138667
2026-05-06,10,CAPLIPOINT,5.73,0.66,5.56,1841.3,253677
2026-05-06,11,KNRCON,5.6,0.88,6.09,132.37,4241060
2026-05-06,12,GULFOILLUB,5.51,0.12,5.76,1011.7,90798
2026-05-06,13,BPCL,5.21,2.08,4.94,314.05,16983058
2026-05-06,14,BASF,5.03,1.83,5.39,3802.8,49901
2026-05-06,15,BALMLAWRIE,5.01,3.25,3.58,196.28,724214
2026-05-06,16,GRINDWELL,4.8,0.31,4.87,1647.6,49335
2026-05-06,17,ASHOKLEY,4.71,2.03,5.37,167.8,22189983
2026-05-06,18,EDELWEISS,4.66,1.46,5.19,120.08,6710176
2026-05-06,19,DCMSHRIRAM,4.55,1.27,7.12,1301.8,254727
2026-05-06,20,IFCI,4.52,2.43,6.95,61.09,46841098
2026-05-06,21,IOC,4.27,0.96,3.89,148.21,16440452
2026-05-06,22,LUPIN,4.25,0.81,4.63,2442.9,2886186
2026-05-06,23,JINDALSAW,3.97,0.57,3.82,242.24,3184921
2026-05-06,24,INDUSINDBK,3.96,1.07,3.49,946.75,2901974
2026-05-06,25,AUROPHARMA,3.91,0.2,4.45,1484.0,2420846
2026-05-06,26,GODREJIND,3.86,1.08,4.06,1022.4,171554
2026-05-06,27,HINDZINC,3.82,1.43,3.6,634.6,10151710
2026-05-06,28,KANSAINER,3.76,0.47,5.04,201.43,863978
2026-05-06,29,ASIANPAINT,3.66,1.23,3.65,2519.0,1395987
2026-05-06,30,CYIENT,3.55,0.13,3.94,900.75,567949
2026-05-06,31,ABFRL,3.47,0.73,4.74,66.21,10580344
2026-05-06,32,HINDCOPPER,3.47,2.25,2.41,550.5,4675606
2026-05-06,33,ESCORTS,3.42,0.8,3.79,3317.1,118378
2026-05-06,34,GRANULES,3.4,0.38,6.34,736.0,5053779
2026-05-06,35,BSE,3.38,1.44,3.14,3852.1,3772261
2026-05-06,36,GESHIP,3.37,0.81,4.76,1575.1,614465
2026-05-06,37,BIOCON,3.35,1.24,3.65,380.6,6230919
2026-05-06,38,HSCL,3.33,-0.86,8.82,635.15,15500586
2026-05-06,39,CANFINHOME,3.3,1.09,3.76,903.3,183047
2026-05-06,40,CHOLAFIN,3.29,1.44,2.72,1711.9,2751781
2026-05-07,1,GODREJIND,20.0,0.69,19.5,1226.85,2495313
2026-05-07,2,INDOCO,9.61,1.73,19.24,250.65,1430811
2026-05-07,3,ENDURANCE,7.73,0.88,10.02,2536.2,568302
2026-05-07,4,AVANTIFEED,7.56,0.61,8.57,1450.3,1405889
2026-05-07,5,BAJAJCON,6.37,0.58,9.79,521.35,3607511
2026-05-07,6,BHARATFORG,6.36,0.73,9.1,1992.9,7055670
2026-05-07,7,BOMDYEING,5.95,0.39,9.2,135.83,5730574
2026-05-07,8,BEML,5.39,0.37,7.01,2000.2,1080612
2026-05-07,9,BHEL,5.31,-0.12,6.45,406.45,37208886
2026-05-07,10,KANSAINER,5.02,6.74,7.56,211.55,8712846
2026-05-07,11,JAMNAAUTO,5.02,0.28,5.85,131.11,5626023
2026-05-07,12,LUXIND,5.0,0.55,4.52,1508.9,108464
2026-05-07,13,IFCI,4.57,0.92,5.16,63.88,43768649
2026-05-07,14,FINCABLES,4.06,0.25,5.15,1087.9,1081088
2026-05-07,15,CGPOWER,3.64,1.52,5.1,859.1,13476263
2026-05-07,16,EXIDEIND,3.63,0.09,6.71,364.45,11093645
2026-05-07,17,COCHINSHIP,3.51,0.39,4.44,1814.7,3414471
2026-05-07,18,BOSCHLTD,3.41,0.64,4.73,37895.0,54499
2026-05-07,19,DEEPAKFERT,3.41,0.29,5.18,1338.4,560576
2026-05-07,20,HFCL,3.38,1.76,5.27,146.24,130722218
2026-05-07,21,HAL,3.35,0.45,3.63,4782.1,1889223
2026-05-07,22,HEROMOTOCO,3.35,1.26,5.2,5343.0,1775531
2026-05-07,23,HINDCOPPER,3.29,1.18,5.09,568.6,13960096
2026-05-07,24,HDFCLIFE,3.14,0.77,3.37,625.4,22416339
2026-05-07,25,IEX,3.09,0.15,3.57,133.81,8110310
2026-05-07,26,APLAPOLLO,3.08,0.94,2.99,1973.7,1360049
2026-05-07,27,BSE,2.89,0.91,3.12,3963.6,4714160
2026-05-07,28,GUJGASLTD,2.87,0.62,3.16,408.95,1215010
2026-05-07,29,BAJAJ-AUTO,2.77,2.55,4.03,10605.0,1498254
2026-05-07,30,INDIACEM,2.58,0.26,3.97,411.3,689804
2026-05-07,31,ELGIEQUIP,2.53,0.03,3.51,562.35,418449
2026-05-07,32,HUDCO,2.52,0.36,4.09,228.01,7799198
2026-05-07,33,CCL,2.5,0.31,3.16,1207.8,339545
2026-05-07,34,GLAXO,2.39,0.01,2.74,2481.3,129747
2026-05-07,35,DBCORP,2.39,0.03,3.21,231.04,75382
2026-05-07,36,AIAENG,2.39,0.59,2.78,4005.5,17340
2026-05-07,37,ABFRL,2.39,0.42,4.27,67.79,11628538
2026-05-07,38,CROMPTON,2.36,0.19,3.41,290.75,6870435
2026-05-07,39,ICICIPRULI,2.33,0.53,3.35,562.9,2640252
2026-05-07,40,ICICIGI,2.23,0.39,2.89,1850.2,1106982
2026-05-08,1,FSL,16.62,0.0,19.92,274.26,85477453
2026-05-08,2,COFORGE,6.44,-0.48,7.7,1368.1,9375709
2026-05-08,3,CERA,5.97,0.59,8.16,5782.0,163846
2026-05-08,4,BERGEPAINT,5.63,0.36,6.94,515.75,2002819
2026-05-08,5,LALPATHLAB,5.38,-0.48,6.91,1649.8,885886
2026-05-08,6,FINCABLES,4.91,0.84,7.27,1141.3,1953206
2026-05-08,7,BAJAJCON,4.78,-0.07,7.14,546.25,2090399
2026-05-08,8,ECLERX,4.71,-0.23,6.48,1668.7,661747
2026-05-08,9,BASF,4.47,0.64,7.13,4029.8,105032
2026-05-08,10,EDELWEISS,4.32,-0.8,6.78,125.14,9124446
2026-05-08,11,KANSAINER,4.16,0.69,5.63,220.35,1553578
2026-05-08,12,DABUR,3.77,3.19,4.55,487.7,11860370
2026-05-08,13,HSCL,3.7,0.5,5.82,637.65,12389012
2026-05-08,14,GODFRYPHLP,3.61,-0.27,6.68,2424.8,1761466
2026-05-08,15,LUXIND,3.59,5.0,3.0,1563.1,222085
2026-05-08,16,APOLLOHOSP,3.32,0.0,3.86,8097.0,922866
2026-05-08,17,KALYANKJIL,3.26,0.67,5.27,424.55,20957288
2026-05-08,18,GRAPHITE,3.18,-0.09,5.37,751.75,3574767
2026-05-08,19,ASIANPAINT,2.74,0.37,3.64,2599.9,2327900
2026-05-08,20,GILLETTE,2.72,0.84,3.18,8148.0,59383
2026-05-08,21,CARBORUNIV,2.42,0.0,3.64,1027.7,441675
2026-05-08,22,GESHIP,2.31,0.32,5.21,1588.3,1104209
2026-05-08,23,GREAVESCOT,1.99,-0.01,4.25,171.36,1441876
2026-05-08,24,AUBANK,1.74,0.0,2.52,1050.4,2406953
2026-05-08,25,HUDCO,1.74,-0.53,4.45,231.98,8461676
2026-05-08,26,AAVAS,1.69,0.02,3.17,1443.6,82898
2026-05-08,27,CGPOWER,1.68,0.15,2.77,873.55,3998673
2026-05-08,28,ADANIPORTS,1.59,0.44,3.71,1760.4,4984856
2026-05-08,29,GRINDWELL,1.53,-0.24,4.85,1684.8,81885
2026-05-08,30,CONCOR,1.53,-0.01,2.42,534.75,1130482
2026-05-08,31,CHOLAHLDNG,1.46,0.51,3.01,1780.7,349136
2026-05-08,32,INFY,1.42,-0.15,2.12,1179.2,7582770
2026-05-08,33,COLPAL,1.4,-0.27,2.24,2197.4,273342
2026-05-08,34,ENRIN,1.39,0.4,3.46,3183.2,513010
2026-05-08,35,APLLTD,1.35,-0.46,3.61,787.05,407954
2026-05-08,36,GRANULES,1.27,-0.74,3.15,752.95,989643
2026-05-08,37,HCLTECH,1.27,-0.3,2.2,1198.4,2813749
2026-05-08,38,IDFCFIRSTB,1.25,0.0,2.19,71.27,21083557
2026-05-08,39,FDC,1.24,0.25,3.74,380.2,130703
2026-05-08,40,DEEPAKNTR,1.16,0.0,2.48,1875.9,254014
2026-05-11,1,ADVENZYMES,9.28,5.81,12.36,390.4,7986938
2026-05-11,2,BIRLACORPN,6.8,5.03,10.8,1062.65,1401357
2026-05-11,3,GRINDWELL,6.75,3.63,8.94,1798.5,1060154
2026-05-11,4,CERA,6.4,-2.68,9.43,6152.0,96924
2026-05-11,5,HFCL,5.18,-1.31,10.02,148.46,112674256
2026-05-11,6,HERITGFOOD,4.33,0.11,6.03,378.3,1275152
2026-05-11,7,ENDURANCE,3.95,0.24,7.39,2628.9,432776
2026-05-11,8,GREAVESCOT,3.34,0.26,6.14,177.08,2939086
2026-05-11,9,BANKINDIA,2.93,2.31,3.43,143.86,31970908
2026-05-11,10,HYUNDAI,2.92,0.02,5.05,1906.9,4007728
2026-05-11,11,JBCHEPHARM,2.76,-0.76,5.27,2209.2,584031
2026-05-11,12,BIOCON,2.64,0.01,6.44,390.45,12928412
2026-05-11,13,ADANIGREEN,2.35,-0.94,5.43,1387.7,4188831
2026-05-11,14,FORTIS,2.29,-0.5,3.51,974.15,2566633
2026-05-11,15,DBL,1.8,-1.16,5.34,487.35,255505
2026-05-11,16,COALINDIA,1.76,-0.09,2.83,464.45,6258261
2026-05-11,17,CYIENT,1.66,0.0,5.15,919.75,603457
2026-05-11,18,ECLERX,1.16,-0.22,6.06,1688.0,413708
2026-05-11,19,CARBORUNIV,1.1,-0.75,4.1,1039.0,178869
2026-05-11,20,ASTRAZEN,1.02,0.0,2.82,8579.5,5307
2026-05-11,21,AJANTPHARM,0.96,0.33,3.38,3064.2,97244
2026-05-11,22,BLISSGVS,0.93,0.13,4.01,272.15,1396559
2026-05-11,23,IFBIND,0.93,-0.05,7.87,1199.6,81463
2026-05-11,24,HINDUNILVR,0.85,-0.46,2.53,2307.2,1903862
2026-05-11,25,BANKBARODA,0.8,0.76,2.79,266.0,26039714
2026-05-11,26,HINDCOPPER,0.65,-0.04,2.62,572.9,5956712
2026-05-11,27,ITDC,0.57,0.83,8.46,587.5,306474
2026-05-11,28,GRASIM,0.53,-0.49,2.67,2984.2,567800
2026-05-11,29,COFORGE,0.52,0.56,2.06,1375.2,5641233
2026-05-11,30,BALRAMCHIN,0.51,-0.39,3.63,525.4,620838
2026-05-11,31,KEI,0.4,-0.97,3.91,5120.0,442843
2026-05-11,32,ADANIPORTS,0.39,-0.19,2.98,1767.3,4111229
2026-05-11,33,GRANULES,0.35,-0.39,2.38,755.6,2049443
2026-05-11,34,AXISBANK,0.32,-0.76,2.47,1272.3,7341360
2026-05-11,35,APLLTD,0.27,-1.52,5.28,789.2,234230
2026-05-11,36,BSE,0.27,-0.42,2.55,3918.0,4662297
2026-05-11,37,ALKEM,0.25,-0.01,3.2,5599.5,53127
2026-05-11,38,DCMSHRIRAM,0.18,-0.17,5.77,1234.0,202365
2026-05-11,39,HDFCLIFE,0.16,-0.43,2.38,622.7,3739911
2026-05-11,40,LALPATHLAB,0.16,-0.72,4.16,1652.4,937712
2026-05-12,1,BIOCON,3.07,0.63,3.68,402.45,11231905
2026-05-12,2,HINDZINC,2.03,2.85,2.23,641.9,12959003
2026-05-12,3,GODREJCP,1.91,0.02,4.02,1030.2,2855474
2026-05-12,4,HINDALCO,1.75,0.36,2.89,1041.4,4323348
2026-05-12,5,BALRAMCHIN,1.67,-0.03,2.85,534.15,965462
2026-05-12,6,BAJAJCON,1.61,0.46,4.79,547.95,1746189
2026-05-12,7,AJANTPHARM,0.9,-0.43,3.18,3091.7,237935
2026-05-12,8,BLISSGVS,0.61,0.9,4.92,273.8,3529608
2026-05-12,9,GLAXO,0.52,0.0,3.54,2448.8,84111
2026-05-12,10,CANBK,0.45,-1.37,3.8,130.01,29525188
2026-05-12,11,COROMANDEL,0.35,0.74,3.76,1872.7,495147
2026-05-12,12,AUROPHARMA,0.11,0.0,1.71,1488.2,1343339
2026-05-12,13,DABUR,-0.04,-0.15,1.42,473.25,2195129
2026-05-12,14,KNRCON,-0.05,-0.47,4.92,130.54,3574385
2026-05-12,15,ICRA,-0.06,0.0,2.29,5326.0,8432
2026-05-12,16,BHARTIARTL,-0.17,-0.47,1.42,1756.8,11945399
2026-05-12,17,ESCORTS,-0.2,0.25,2.0,2960.7,153219
2026-05-12,18,GALAXYSURF,-0.27,-0.87,2.66,1871.3,15199
2026-05-12,19,COALINDIA,-0.3,0.12,1.58,463.05,6464174
2026-05-12,20,CCL,-0.42,0.0,4.18,1094.6,258630
2026-05-12,21,HFCL,-0.46,1.4,4.61,147.78,98852575
2026-05-12,22,LUPIN,-0.47,0.0,2.52,2245.4,1412650
2026-05-12,23,INDOCO,-0.51,-1.22,3.31,217.8,81718
2026-05-12,24,ATUL,-0.59,-0.32,1.97,6851.5,57814
2026-05-12,25,COLPAL,-0.65,0.04,1.83,2125.2,299031
2026-05-12,26,GRINDWELL,-0.66,-0.75,4.0,1786.7,243282
2026-05-12,27,APOLLOHOSP,-0.74,-0.4,1.03,8022.5,390002
2026-05-12,28,DRREDDY,-0.77,-0.08,1.86,1270.0,1946195
2026-05-12,29,CASTROLIND,-0.79,-0.14,1.14,181.3,1484763
2026-05-12,30,ACC,-0.8,-0.29,2.21,1347.0,336085
2026-05-12,31,JSWSTEEL,-0.82,-0.05,2.09,1252.3,1475577
2026-05-12,32,DEEPAKNTR,-0.82,-0.49,6.14,1848.3,333512
2026-05-12,33,CESC,-0.83,-0.55,2.19,180.5,2813100
2026-05-12,34,BIRLACORPN,-0.86,0.0,4.87,1053.55,247383
2026-05-12,35,GILLETTE,-0.87,-0.39,1.67,7882.5,43785
2026-05-12,36,ABB,-0.92,-0.43,3.62,6328.5,976463
2026-05-12,37,AXISBANK,-0.96,-0.15,1.34,1260.1,5727828
2026-05-12,38,CIPLA,-0.97,-0.02,1.53,1292.3,1398439
2026-05-12,39,CENTURYPLY,-1.0,-0.49,2.04,771.1,33651
2026-05-12,40,DIVISLAB,-1.04,-0.06,1.62,6644.0,156166
2026-05-13,1,IFCI,6.37,0.7,7.99,64.96,68370477
2026-05-13,2,KRBL,5.95,0.89,6.62,370.35,760106
2026-05-13,3,HINDCOPPER,5.51,2.8,4.08,595.3,18240644
2026-05-13,4,HINDPETRO,5.46,0.68,5.8,390.1,16477697
2026-05-13,5,GRAPHITE,4.49,0.14,5.43,749.2,2420627
2026-05-13,6,ADANIGREEN,4.49,-0.45,7.44,1366.7,5391989
2026-05-13,7,ASIANPAINT,4.47,1.94,3.53,2617.6,3515018
2026-05-13,8,KIOCL,4.44,0.11,6.19,396.45,410629
2026-05-13,9,GNFC,4.21,0.39,5.29,489.95,425977
2026-05-13,10,BERGEPAINT,4.02,3.46,6.83,507.7,9314433
2026-05-13,11,HINDZINC,3.93,2.82,2.63,667.1,12976174
2026-05-13,12,ADANIENT,3.86,-0.17,5.36,2498.0,2036291
2026-05-13,13,HEG,3.85,0.07,4.91,604.3,1842668
2026-05-13,14,HFCL,3.84,0.83,5.89,153.46,72932114
2026-05-13,15,BIOCON,3.76,0.15,4.32,417.6,11445147
2026-05-13,16,INDOCO,3.75,0.87,5.46,225.97,94500
2026-05-13,17,GODFRYPHLP,3.3,-0.03,5.53,2418.6,1057281
2026-05-13,18,BPCL,3.21,0.24,3.63,297.1,12403055
2026-05-13,19,BEML,3.12,0.54,3.73,1848.8,289257
2026-05-13,20,GMDCLTD,3.11,0.58,3.81,663.1,2461900
2026-05-13,21,BHEL,3.09,0.19,3.89,403.85,21915995
2026-05-13,22,HINDALCO,3.04,0.63,3.4,1073.1,5341453
2026-05-13,23,DEEPAKFERT,2.97,-0.42,6.98,1268.5,589586
2026-05-13,24,BALMLAWRIE,2.96,-0.96,4.69,195.44,268229
2026-05-13,25,ADANIPORTS,2.94,0.0,3.81,1737.8,3018421
2026-05-13,26,IOC,2.93,0.25,3.46,141.69,15901973
2026-05-13,27,BEL,2.82,0.02,3.9,428.25,13230827
2026-05-13,28,BASF,2.78,0.38,5.74,3860.5,48239
2026-05-13,29,BALRAMCHIN,2.76,-0.03,5.68,548.9,2254004
2026-05-13,30,CIPLA,2.73,-1.02,6.34,1327.6,6015153
2026-05-13,31,CCL,2.71,-0.01,4.52,1124.3,260584
2026-05-13,32,AMBUJACEM,2.68,0.28,3.69,438.4,3622406
2026-05-13,33,ADANIENSOL,2.64,-2.06,7.65,1318.2,4691091
2026-05-13,34,ATGL,2.57,0.62,4.57,606.5,1622076
2026-05-13,35,BOMDYEING,2.53,-0.04,5.64,123.6,978488
2026-05-13,36,KIRLOSENG,2.47,0.24,5.63,1599.6,389959
2026-05-13,37,CARBORUNIV,2.44,-0.06,4.96,1033.3,127721
2026-05-13,38,KANSAINER,2.3,0.5,3.18,218.75,855316
2026-05-13,39,COCHINSHIP,2.29,0.24,3.26,1653.1,1524918
2026-05-13,40,DIVISLAB,2.29,0.54,3.42,6796.0,513807
2026-05-14,1,CAPLIPOINT,9.88,0.39,13.95,2023.8,2271123
2026-05-14,2,ADANIENT,8.6,1.29,7.61,2712.9,9539233
2026-05-14,3,CIPLA,8.22,2.61,6.01,1436.7,9166941
2026-05-14,4,CARERATING,7.93,5.71,6.04,1735.7,564759
2026-05-14,5,GODREJIND,7.45,1.15,13.23,1153.15,6636358
2026-05-14,6,GNFC,6.12,1.85,4.63,519.95,2313324
2026-05-14,7,ENGINERSIN,5.59,0.42,6.53,254.05,9962606
2026-05-14,8,BHARTIARTL,5.27,1.72,5.14,1883.5,21279151
2026-05-14,9,BERGEPAINT,5.16,1.43,5.58,533.9,4289866
2026-05-14,10,ADANIPOWER,4.97,1.18,4.6,224.49,41896940
2026-05-14,11,KEI,4.58,0.47,6.28,5144.7,387925
2026-05-14,12,AJANTPHARM,4.35,0.54,4.96,3259.2,328089
2026-05-14,13,BALKRISIND,4.09,0.71,3.66,2191.1,124061
2026-05-14,14,BSE,3.83,0.86,3.8,4037.6,6138554
2026-05-14,15,ENDURANCE,3.55,0.21,4.97,2619.6,206001
2026-05-14,16,ADANIGREEN,3.53,0.9,3.46,1414.9,4875061
2026-05-14,17,BLISSGVS,3.52,0.38,6.08,289.4,4356721
2026-05-14,18,ETERNAL,3.36,0.7,3.68,245.82,29973731
2026-05-14,19,BAJAJHLDNG,3.31,0.49,5.32,10357.0,57961
2026-05-14,20,ERIS,3.25,1.45,2.86,1373.9,38481
2026-05-14,21,DRREDDY,3.03,0.0,4.17,1303.6,2362951
2026-05-14,22,CUMMINSIND,2.97,0.86,2.95,5367.0,324086
2026-05-14,23,BBTC,2.93,2.57,4.87,1537.9,173968
2026-05-14,24,HINDALCO,2.81,1.01,2.25,1103.3,4920811
2026-05-14,25,GLENMARK,2.77,0.98,2.54,2340.6,965814
2026-05-14,26,CESC,2.65,0.0,3.71,184.46,3902215
2026-05-14,27,CRISIL,2.59,1.95,3.1,4131.6,42677
2026-05-14,28,FINEORG,2.51,0.41,2.65,4714.6,9135
2026-05-14,29,ICICIGI,2.48,0.65,2.84,1848.9,347634
2026-05-14,30,DEEPAKFERT,2.44,1.28,2.68,1299.4,310246
2026-05-14,31,BAJAJELEC,2.39,0.13,6.45,389.65,205382
2026-05-14,32,BANKINDIA,2.39,0.75,3.31,143.95,9541746
2026-05-14,33,BANKBARODA,2.35,0.82,2.85,267.8,11352510
2026-05-14,34,APLLTD,2.32,0.38,2.68,785.7,169499
2026-05-14,35,BHEL,2.3,0.83,3.92,413.15,22299813
2026-05-14,36,BLUESTARCO,2.24,1.19,4.65,1667.2,817538
2026-05-14,37,BOMDYEING,2.22,0.33,6.37,126.35,1090870
2026-05-14,38,HEG,2.21,0.9,5.39,617.65,1894842
2026-05-14,39,CEATLTD,2.19,1.22,2.03,3273.0,110035
2026-05-14,40,INDIANB,2.19,0.49,3.25,831.75,2226331
2026-05-15,1,DCAL,9.36,0.0,15.48,194.25,2958960
2026-05-15,2,KIRLOSENG,8.99,1.67,14.96,1740.2,1983674
2026-05-15,3,CARBORUNIV,6.27,-3.5,12.9,1102.4,2228714
2026-05-15,4,CHAMBLFERT,5.96,2.78,6.82,449.9,9497223
2026-05-15,5,CROMPTON,4.5,0.02,9.17,301.95,18051421
2026-05-15,6,CARERATING,3.73,0.4,5.63,1800.4,202817
2026-05-15,7,GRINDWELL,3.68,0.0,4.46,1859.9,126333
2026-05-15,8,BAJAJCON,3.66,0.0,8.09,537.45,1110242
2026-05-15,9,GESHIP,3.3,4.38,9.36,1533.9,9754062
2026-05-15,10,HIMATSEIDE,3.16,0.01,6.7,78.4,2328351
2026-05-15,11,BIOCON,2.65,-0.24,4.13,430.1,8177038
2026-05-15,12,DRREDDY,2.54,0.0,3.17,1336.7,3982549
2026-05-15,13,INFY,2.19,0.64,2.89,1119.0,17482450
2026-05-15,14,GUJGASLTD,2.15,0.54,2.69,369.9,365927
2026-05-15,15,BOSCHLTD,2.15,1.2,3.25,37740.0,25058
2026-05-15,16,ABCAPITAL,2.15,0.0,4.89,357.15,4558484
2026-05-15,17,GRAPHITE,1.95,0.54,8.72,774.45,5944893
2026-05-15,18,ATUL,1.87,0.09,2.35,7100.0,23729
2026-05-15,19,COALINDIA,1.79,0.65,2.92,462.2,7859575
2026-05-15,20,CUB,1.56,0.0,3.0,187.99,2010512
2026-05-15,21,INDIACEM,1.56,0.76,2.79,400.15,170358
2026-05-15,22,DEEPAKFERT,1.47,-0.34,3.59,1318.5,355973
2026-05-15,23,ASTRAZEN,1.39,0.63,2.19,8468.5,3064
2026-05-15,24,ICRA,1.33,0.75,3.31,5390.0,3303
2026-05-15,25,ADANIPORTS,1.22,1.32,3.25,1795.1,5622212
2026-05-15,26,GICRE,1.18,0.0,2.53,387.45,378500
2026-05-15,27,BHARTIARTL,1.16,-0.02,2.26,1905.4,15807294
2026-05-15,28,HEG,1.13,0.54,5.85,624.6,3129662
2026-05-15,29,BLUEDART,1.08,0.0,2.29,5071.0,13888
2026-05-15,30,HINDUNILVR,1.05,0.0,2.34,2272.2,1038522
2026-05-15,31,GODREJAGRO,0.97,0.0,2.63,569.75,991171
2026-05-15,32,ASTERDM,0.94,0.19,3.58,753.65,764794
2026-05-15,33,INDHOTEL,0.93,0.0,2.41,656.25,2003906
2026-05-15,34,GLAXO,0.91,0.05,2.12,2438.8,44704
2026-05-15,35,HONAUT,0.89,0.02,3.12,28975.0,2989
2026-05-15,36,BAJAJELEC,0.89,0.09,3.75,393.1,143550
2026-05-15,37,EMAMILTD,0.84,0.35,2.67,428.05,259768
2026-05-15,38,INDIGO,0.8,0.29,1.92,4314.9,713589
2026-05-15,39,LUPIN,0.8,0.43,1.99,2276.2,2059751
2026-05-15,40,HCLTECH,0.77,-0.19,2.69,1132.6,3729249
2026-05-18,1,GESHIP,10.6,0.0,12.78,1696.5,18205845
2026-05-18,2,COFORGE,5.15,0.0,6.02,1348.1,4392898
2026-05-18,3,BLISSGVS,3.51,-1.57,6.66,287.4,2360419
2026-05-18,4,BSE,3.0,-1.51,4.85,4120.7,5053942
2026-05-18,5,LALPATHLAB,2.71,-1.11,4.25,1646.3,482647
2026-05-18,6,INFY,2.1,0.0,2.51,1142.5,12096377
2026-05-18,7,EIHOTEL,2.02,0.41,4.41,322.5,193005
2026-05-18,8,ELGIEQUIP,1.95,-0.51,5.3,533.45,474639
2026-05-18,9,HINDCOPPER,1.91,1.71,3.06,581.15,16184564
2026-05-18,10,ADANIENSOL,1.89,-0.66,6.62,1328.3,4008711
2026-05-18,11,GODREJIND,1.87,-0.44,7.89,1156.25,1119704
2026-05-18,12,BHARTIARTL,1.72,-0.03,3.33,1938.1,13888648
2026-05-18,13,CHAMBLFERT,1.64,-0.37,4.2,457.3,1923032
2026-05-18,14,3MINDIA,1.47,-0.78,4.85,31705.0,3861
2026-05-18,15,BAJAJFINSV,1.45,-0.76,3.77,1753.1,1199186
2026-05-18,16,HCLTECH,1.24,-0.32,2.48,1146.6,2588569
2026-05-18,17,GPPL,1.18,0.17,3.89,152.83,971358
2026-05-18,18,BAJFINANCE,1.17,-1.15,3.77,921.1,6387223
2026-05-18,19,AJANTPHARM,1.16,0.16,2.49,3214.1,144707
2026-05-18,20,DLF,1.13,-1.06,3.71,573.15,3510805
2026-05-18,21,GICRE,1.12,-0.12,3.77,391.8,506884
2026-05-18,22,DIVISLAB,1.1,-0.15,3.11,6835.0,340352
2026-05-18,23,JSWSTEEL,1.09,0.09,3.42,1292.8,2965138
2026-05-18,24,HEIDELBERG,1.06,-1.12,3.26,154.85,31500
2026-05-18,25,FEDERALBNK,0.94,-0.2,2.88,283.95,7212332
2026-05-18,26,INDIACEM,0.94,-0.05,4.61,403.9,175863
2026-05-18,27,GNFC,0.92,-0.46,3.5,519.1,843765
2026-05-18,28,AIAENG,0.7,0.0,3.43,3883.3,24804
2026-05-18,29,BEL,0.7,0.05,3.12,426.6,10452161
2026-05-18,30,CYIENT,0.66,0.0,2.65,876.45,182249
2026-05-18,31,INDUSINDBK,0.65,-0.07,2.9,892.15,1421988
2026-05-18,32,GLENMARK,0.6,0.16,2.25,2339.9,429194
2026-05-18,33,BAJAJHLDNG,0.57,-0.56,3.15,10367.0,30521
2026-05-18,34,ASTRAZEN,0.53,-0.22,3.51,8513.5,5069
2026-05-18,35,ICICIBANK,0.53,-0.72,1.74,1251.1,13918850
2026-05-18,36,ABB,0.51,-1.11,3.45,6413.5,370285
2026-05-18,37,CASTROLIND,0.43,-0.49,1.22,182.22,1001515
2026-05-18,38,GRASIM,0.34,-0.95,2.4,2943.8,800447
2026-05-18,39,ASIANPAINT,0.32,-0.98,2.43,2614.0,898479
2026-05-18,40,CENTURYPLY,0.31,-0.56,3.75,769.65,18038
2026-05-19,1,ADVENZYMES,6.2,-0.07,8.49,386.3,536664
2026-05-19,2,GREAVESCOT,5.99,0.01,7.18,170.1,1559621
2026-05-19,3,IDBI,5.84,0.58,7.14,73.56,17526384
2026-05-19,4,ECLERX,5.39,1.25,8.65,1553.8,1682493
2026-05-19,5,GNFC,5.17,2.66,5.01,545.95,6491479
2026-05-19,6,GRANULES,4.79,0.76,5.29,766.45,1871962
2026-05-19,7,INFY,4.76,1.71,3.19,1196.9,32175705
2026-05-19,8,COFORGE,4.74,1.25,6.43,1412.0,8133656
2026-05-19,9,GSFC,4.1,0.89,3.81,176.44,1459599
2026-05-19,10,DEEPAKFERT,4.09,0.35,6.6,1324.5,865758
2026-05-19,11,LUXIND,4.02,-0.85,5.84,1384.8,69159
2026-05-19,12,CERA,3.87,0.75,4.83,5773.5,14512
2026-05-19,13,IGL,3.77,0.33,4.59,157.35,13581588
2026-05-19,14,APLLTD,3.69,0.5,5.65,751.1,220439
2026-05-19,15,LALPATHLAB,3.49,0.82,4.37,1703.7,540099
2026-05-19,16,FSL,3.48,0.47,7.48,242.06,6806456
2026-05-19,17,HINDPETRO,3.37,1.18,2.74,371.0,5849675
2026-05-19,18,ENRIN,3.36,1.28,3.14,3163.5,495921
2026-05-19,19,CYIENT,3.35,-0.14,4.01,905.85,371270
2026-05-19,20,BEML,3.34,-0.08,4.1,1826.4,240559
2026-05-19,21,DEEPAKNTR,3.28,1.14,5.71,1805.8,397231
2026-05-19,22,FINCABLES,3.26,0.68,5.84,1056.25,427291
2026-05-19,23,GUJGASLTD,3.24,0.7,3.39,376.55,333029
2026-05-19,24,ENGINERSIN,3.14,0.57,5.3,245.0,4635220
2026-05-19,25,AIAENG,3.07,-0.19,4.47,4002.6,35842
2026-05-19,26,EMAMILTD,3.02,0.33,3.23,435.05,331328
2026-05-19,27,BLUESTARCO,2.95,0.0,3.72,1682.0,409067
2026-05-19,28,DELTACORP,2.91,1.26,3.61,69.56,2379424
2026-05-19,29,HCLTECH,2.86,0.82,4.01,1179.4,5756760
2026-05-19,30,GLENMARK,2.82,0.5,3.35,2405.9,855987
2026-05-19,31,CESC,2.64,0.79,2.65,181.06,1885950
2026-05-19,32,CAPLIPOINT,2.62,0.06,3.66,2038.2,200976
2026-05-19,33,ATUL,2.43,0.33,3.34,7050.0,27743
2026-05-19,34,IOC,2.42,1.74,2.16,135.0,22333093
2026-05-19,35,ETERNAL,2.41,-0.57,4.62,247.21,33045253
2026-05-19,36,HSCL,2.22,1.0,10.34,563.75,20865976
2026-05-19,37,GUJALKALI,2.22,0.87,3.11,697.9,106152
2026-05-19,38,JBCHEPHARM,2.18,0.0,3.83,2171.6,196385
2026-05-19,39,COROMANDEL,2.17,0.0,4.69,1877.1,475004
2026-05-19,40,ATGL,2.16,2.17,3.61,623.3,3834175
2026-05-20,1,DCAL,12.17,0.91,18.32,211.2,8718006
2026-05-20,2,ENRIN,9.36,-0.44,11.19,3459.6,3683159
2026-05-20,3,ERIS,9.13,0.66,11.59,1458.2,1604732
2026-05-20,4,KTKBANK,6.48,3.09,7.79,263.8,20166345
2026-05-20,5,ELGIEQUIP,4.46,-0.82,7.91,565.25,1260530
2026-05-20,6,BAJAJCON,4.39,-0.33,6.45,549.85,832478
2026-05-20,7,ABB,4.36,-1.09,5.76,6605.0,546490
2026-05-20,8,CGPOWER,4.13,0.0,5.51,853.25,3710693
2026-05-20,9,HONAUT,3.8,0.0,6.33,30180.0,15569
2026-05-20,10,HINDALCO,3.55,-0.94,4.92,1085.5,11945517
2026-05-20,11,HINDPETRO,3.17,-1.08,5.32,382.75,9746627
2026-05-20,12,HSCL,3.13,-1.02,5.43,581.4,5599067
2026-05-20,13,CHENNPETRO,3.03,0.0,4.15,1012.2,718410
2026-05-20,14,BRIGADE,2.77,-0.97,6.93,509.81,520488
2026-05-20,15,GUJALKALI,2.77,-0.99,6.22,717.25,126006
2026-05-20,16,CUMMINSIND,2.77,-0.76,4.49,5399.5,444634
2026-05-20,17,GRINDWELL,2.71,0.18,7.28,1928.8,187583
2026-05-20,18,BLISSGVS,2.56,0.6,4.76,290.05,1139806
2026-05-20,19,BPCL,2.55,-1.61,5.13,293.75,10290169
2026-05-20,20,BAJAJ-AUTO,2.52,-0.46,3.96,10462.5,379649
2026-05-20,21,CRISIL,2.38,0.0,3.66,4213.7,43423
2026-05-20,22,DELTACORP,2.26,-1.31,5.09,71.13,2412994
2026-05-20,23,IOC,2.25,-0.24,4.09,138.04,24216502
2026-05-20,24,FSL,2.17,-0.44,5.28,247.32,2519298
2026-05-20,25,ASTERDM,2.13,-0.44,3.73,764.85,522688
2026-05-20,26,HUDCO,1.89,-1.24,6.27,205.93,3242204
2026-05-20,27,BHEL,1.82,-1.02,3.49,408.4,10932205
2026-05-20,28,EDELWEISS,1.8,-0.27,4.61,111.0,2924572
2026-05-20,29,ASHOKA,1.78,-1.15,3.65,126.48,596263
2026-05-20,30,HEIDELBERG,1.77,-1.09,4.19,157.94,50515
2026-05-20,31,BHARATFORG,1.66,-0.66,4.21,1888.2,953954
2026-05-20,32,AAVAS,1.63,-0.85,4.0,1358.2,41006
2026-05-20,33,BAJAJHLDNG,1.5,-0.74,3.17,10468.0,39588
2026-05-20,34,ASHOKLEY,1.47,-0.91,3.77,153.61,24202471
2026-05-20,35,FORTIS,1.46,0.0,2.6,974.6,1040975
2026-05-20,36,GPPL,1.35,-0.1,2.64,154.2,768139
2026-05-20,37,BALKRISIND,1.27,-0.42,2.91,2155.0,316780
2026-05-20,38,BAJAJFINSV,1.27,-0.99,3.09,1772.0,779574
2026-05-20,39,ADANIENSOL,1.25,-0.79,3.93,1346.1,2786130
2026-05-20,40,CDSL,1.25,-0.79,3.06,1224.6,1750026
2026-05-21,1,HONAUT,15.85,4.37,14.41,34965.0,190673
2026-05-21,2,INDOSTAR,8.65,2.41,8.57,211.13,163570
2026-05-21,3,ABFRL,6.76,0.54,7.05,66.76,8099577
2026-05-21,4,GRASIM,6.17,3.02,5.35,3154.5,4417489
2026-05-21,5,DEEPAKFERT,5.0,0.4,5.5,1383.7,736148
2026-05-21,6,ATGL,4.5,0.88,6.62,638.1,11446003
2026-05-21,7,KNRCON,3.55,0.05,6.44,132.72,6496064
2026-05-21,8,3MINDIA,3.4,0.92,5.94,32200.0,9817
2026-05-21,9,BIRLACORPN,3.38,1.28,4.31,1014.45,110512
2026-05-21,10,ENRIN,3.32,0.73,5.91,3574.5,2115768
2026-05-21,11,GESHIP,3.25,0.42,4.36,1719.6,2606607
2026-05-21,12,INDIGO,3.25,0.95,3.45,4403.0,1656192
2026-05-21,13,HYUNDAI,3.23,0.59,3.48,1845.2,1864385
2026-05-21,14,DELTACORP,2.85,1.15,4.32,73.16,2509214
2026-05-21,15,APOLLOHOSP,2.85,1.49,4.17,8308.5,1425124
2026-05-21,16,ENDURANCE,2.77,0.02,3.3,2623.0,93093
2026-05-21,17,KALYANKJIL,2.75,1.0,3.11,353.0,5540790
2026-05-21,18,KTKBANK,2.67,1.21,4.38,270.85,4554046
2026-05-21,19,FSL,2.61,1.08,3.59,253.77,2652448
2026-05-21,20,ASTRAL,2.51,1.68,2.07,1480.0,862861
2026-05-21,21,GODREJAGRO,2.39,1.52,3.61,587.9,169739
2026-05-21,22,KRBL,2.38,1.53,2.14,337.8,301592
2026-05-21,23,AVANTIFEED,2.37,1.0,3.79,1297.5,371369
2026-05-21,24,BALKRISIND,2.34,1.02,2.32,2205.4,79073
2026-05-21,25,KEI,2.29,0.52,2.91,5237.0,550071
2026-05-21,26,JAMNAAUTO,2.22,1.7,2.47,114.08,1204186
2026-05-21,27,BAJAJ-AUTO,1.95,0.78,2.31,10667.0,522986
2026-05-21,28,AUROPHARMA,1.92,0.36,2.27,1546.7,1013775
2026-05-21,29,IOC,1.8,1.13,2.0,140.53,26345901
2026-05-21,30,BLISSGVS,1.78,0.67,4.69,295.2,2683229
2026-05-21,31,GRINDWELL,1.75,0.01,4.97,1962.5,73006
2026-05-21,32,HFCL,1.73,1.12,5.2,141.75,40951694
2026-05-21,33,BEL,1.72,1.62,1.95,420.4,19789651
2026-05-21,34,HDFCAMC,1.59,0.96,2.58,2727.9,898831
2026-05-21,35,HINDPETRO,1.58,1.05,1.79,388.8,7148227
2026-05-21,36,HSCL,1.57,0.45,5.31,590.55,11914065
2026-05-21,37,KANSAINER,1.57,0.65,2.58,217.97,350375
2026-05-21,38,ASHOKA,1.55,0.89,3.03,128.44,826256
2026-05-21,39,COCHINSHIP,1.54,1.22,1.98,1531.0,1576652
2026-05-21,40,HDFCLIFE,1.53,1.14,1.79,614.35,3625135
2026-05-22,1,DEEPAKFERT,6.52,0.82,7.09,1473.9,2212392
2026-05-22,2,FSL,5.84,0.17,8.28,268.6,6791378
2026-05-22,3,BAJAJCON,4.59,0.07,6.43,571.75,1142142
2026-05-22,4,HFCL,4.56,0.7,5.54,148.21,44851554
2026-05-22,5,BOMDYEING,4.42,0.35,6.21,126.17,1424644
2026-05-22,6,ASTRAL,4.17,0.12,4.59,1541.7,1094826
2026-05-22,7,ENDURANCE,3.77,0.64,5.21,2721.8,377211
2026-05-22,8,3MINDIA,3.46,0.93,6.82,33315.0,49022
2026-05-22,9,GAIL,3.12,-1.86,7.24,160.77,19157978
2026-05-22,10,FDC,2.99,1.79,5.48,373.25,370941
2026-05-22,11,ECLERX,2.65,0.51,3.7,1577.7,211283
2026-05-22,12,AXISBANK,2.56,0.06,2.77,1285.4,5016900
2026-05-22,13,BOSCHLTD,2.43,0.61,5.78,36065.0,93254
2026-05-22,14,ASHOKLEY,2.41,0.34,3.04,158.21,18694921
2026-05-22,15,CEATLTD,2.4,0.62,3.8,3256.6,137504
2026-05-22,16,CHOLAFIN,2.38,0.71,2.99,1539.8,1287931
2026-05-22,17,FINPIPE,2.34,0.96,4.38,173.11,501858
2026-05-22,18,ATGL,2.3,0.01,3.89,652.8,5876309
2026-05-22,19,ABCAPITAL,2.26,0.46,3.01,357.3,3506988
2026-05-22,20,AUBANK,2.0,0.59,2.15,977.9,1557252
2026-05-22,21,ICICIPRULI,1.95,0.42,1.94,520.05,2134922
2026-05-22,22,ADANIENSOL,1.91,1.7,2.14,1367.9,3344194
2026-05-22,23,CHAMBLFERT,1.85,0.0,2.82,454.7,705520
2026-05-22,24,BANDHANBNK,1.85,0.0,3.38,194.61,11298203
2026-05-22,25,KRBL,1.78,-0.53,3.83,343.8,554688
2026-05-22,26,BLISSGVS,1.74,-0.07,3.83,300.35,2320688
2026-05-22,27,ICICIBANK,1.73,-0.06,2.32,1264.3,11601085
2026-05-22,28,INDOSTAR,1.71,0.51,4.96,214.73,84427
2026-05-22,29,GILLETTE,1.68,0.04,2.84,7783.5,47481
2026-05-22,30,AAVAS,1.61,-1.3,4.07,1396.9,176013
2026-05-22,31,ASIANPAINT,1.58,0.28,2.48,2639.8,1556434
2026-05-22,32,ICICIGI,1.4,0.49,2.33,1826.2,486144
2026-05-22,33,ABB,1.39,0.04,2.23,6689.5,371775
2026-05-22,34,GODREJIND,1.35,0.19,4.38,1126.5,125116
2026-05-22,35,EICHERMOT,1.3,0.48,1.92,6981.5,512596
2026-05-22,36,HONAUT,1.26,-0.19,5.56,35405.0,61734
2026-05-22,37,FEDERALBNK,1.22,0.14,1.83,287.2,6756952
2026-05-22,38,INDUSINDBK,1.13,0.34,1.31,910.15,1165558
2026-05-22,39,HINDUNILVR,1.13,0.05,2.25,2203.6,1382889
2026-05-22,40,APLAPOLLO,1.07,0.17,2.15,1880.5,285536
2026-05-25,1,HFCL,9.87,7.21,5.42,162.84,106724688
2026-05-25,2,ADANIPOWER,6.41,0.77,6.52,233.38,73847208
2026-05-25,3,EICHERMOT,6.19,3.66,3.11,7414.0,1354536
2026-05-25,4,ENGINERSIN,5.83,1.48,5.93,228.6,8741247
2026-05-25,5,BLISSGVS,5.73,7.32,8.02,317.55,9848192
2026-05-25,6,GAIL,4.91,1.34,4.98,168.67,36426464
2026-05-25,7,ADANIENT,4.87,0.83,4.4,2849.7,3277924
2026-05-25,8,CESC,4.72,1.57,3.66,185.59,8424081
2026-05-25,9,APOLLOTYRE,4.45,1.13,4.81,388.35,3668821
2026-05-25,10,BANKINDIA,4.35,1.2,3.82,146.01,12177599
2026-05-25,11,FSL,4.35,1.27,5.97,280.29,5975700
2026-05-25,12,BPCL,4.28,3.18,1.67,308.25,14530864
2026-05-25,13,CANBK,4.27,2.0,3.28,133.7,27988813
2026-05-25,14,KRBL,4.1,1.22,4.71,357.9,578667
2026-05-25,15,LUXIND,3.88,1.26,4.33,1364.4,46988
2026-05-25,16,ASHOKLEY,3.71,1.19,3.6,164.08,30680951
2026-05-25,17,FINCABLES,3.66,1.63,6.47,1068.9,1331551
2026-05-25,18,HIMATSEIDE,3.6,0.16,5.65,79.8,1270659
2026-05-25,19,ADANIGREEN,3.58,1.37,4.03,1411.1,4194567
2026-05-25,20,HINDPETRO,3.52,3.43,2.66,403.35,10214359
2026-05-25,21,GLENMARK,3.45,0.4,4.22,2337.0,809409
2026-05-25,22,KIOCL,3.45,1.0,3.81,397.55,240903
2026-05-25,23,CHOLAFIN,3.33,1.7,3.34,1591.0,1668255
2026-05-25,24,IOC,3.21,3.29,1.54,143.95,24525241
2026-05-25,25,IGL,3.2,1.47,3.34,160.48,3617104
2026-05-25,26,AVANTIFEED,3.05,1.17,3.92,1346.7,563663
2026-05-25,27,GODREJIND,3.03,0.47,3.39,1160.6,112631
2026-05-25,28,ENDURANCE,2.92,1.26,2.31,2801.2,198009
2026-05-25,29,BAJFINANCE,2.77,1.04,2.13,941.9,7065528
2026-05-25,30,JINDALSAW,2.7,1.05,4.09,225.94,1683198
2026-05-25,31,ADANIENSOL,2.66,0.97,3.98,1404.3,3046325
2026-05-25,32,BHEL,2.66,0.84,2.69,419.4,11083538
2026-05-25,33,GICRE,2.61,0.39,3.37,391.4,297361
2026-05-25,34,BANKBARODA,2.58,0.98,2.15,272.25,11731542
2026-05-25,35,GULFOILLUB,2.56,0.82,4.32,924.6,69837
2026-05-25,36,ASTRAZEN,2.47,0.25,3.97,8800.0,9288
2026-05-25,37,CAPLIPOINT,2.46,1.55,2.91,2077.9,160356
2026-05-25,38,JAMNAAUTO,2.46,1.81,2.53,117.64,1166221
2026-05-25,39,ETERNAL,2.36,0.85,2.21,247.67,20066077
2026-05-25,40,BAJAJFINSV,2.34,1.08,1.63,1807.4,456676
2026-05-26,1,BLISSGVS,20.0,1.09,18.96,381.05,16260899
2026-05-26,2,FDC,9.15,0.5,12.33,403.15,1902382
2026-05-26,3,IFBIND,9.1,6.43,9.32,1147.9,3255413
2026-05-26,4,ATGL,8.18,-0.02,11.36,713.1,29037457
2026-05-26,5,EXIDEIND,5.78,0.29,5.99,366.25,7351528
2026-05-26,6,GREAVESCOT,5.75,-0.08,6.99,181.51,3136567
2026-05-26,7,GMDCLTD,5.74,-0.08,6.96,693.15,9108067
2026-05-26,8,JAMNAAUTO,5.08,-0.03,6.55,123.62,4979335
2026-05-26,9,ADANIPOWER,4.78,0.37,5.11,244.53,91664035
2026-05-26,10,AIAENG,4.29,0.38,5.64,4143.4,241336
2026-05-26,11,IFCI,4.29,0.24,5.09,64.4,29680081
2026-05-26,12,ADANIENSOL,4.2,0.05,6.51,1463.3,6172118
2026-05-26,13,ADANIENT,4.2,-0.13,5.42,2969.3,4899494
2026-05-26,14,IGL,3.45,0.92,5.23,166.01,10602040
2026-05-26,15,GHCL,3.42,1.0,3.33,458.45,260216
2026-05-26,16,HONAUT,3.39,0.42,3.91,35570.0,21366
2026-05-26,17,ADANIGREEN,3.28,-0.08,4.38,1457.4,4949474
2026-05-26,18,CHAMBLFERT,3.13,0.44,4.24,477.95,2803681
2026-05-26,19,KIRLOSENG,2.82,-0.11,4.63,1750.8,487883
2026-05-26,20,GPPL,2.69,0.57,3.15,159.59,3010799
2026-05-26,21,BSE,2.61,0.21,3.03,4403.3,3782550
2026-05-26,22,HSCL,2.22,0.38,4.44,606.4,6911907
2026-05-26,23,ACC,2.19,0.2,2.81,1412.6,189369
2026-05-26,24,GODREJAGRO,2.12,0.5,2.49,584.3,92711
2026-05-26,25,BERGEPAINT,2.12,0.7,2.77,515.55,377263
2026-05-26,26,HINDZINC,2.03,-0.41,2.96,647.4,7893675
2026-05-26,27,KRBL,1.93,-0.63,3.88,364.8,671438
2026-05-26,28,HINDCOPPER,1.92,0.08,4.37,556.0,7625490
2026-05-26,29,ASTRAZEN,1.85,-0.61,4.89,8962.5,26455
2026-05-26,30,LUXIND,1.84,1.29,3.63,1389.5,49180
2026-05-26,31,COFORGE,1.77,0.14,2.38,1422.8,1780000
2026-05-26,32,AMBUJACEM,1.75,0.02,3.47,449.7,4449009
2026-05-26,33,BANDHANBNK,1.74,0.02,3.4,200.4,18270681
2026-05-26,34,ASTRAL,1.71,0.49,2.86,1578.8,602697
2026-05-26,35,CHOLAHLDNG,1.7,0.02,2.89,1652.3,83673
2026-05-26,36,CUB,1.68,0.82,2.76,190.58,2419539
2026-05-26,37,FINCABLES,1.61,0.92,2.25,1086.15,381835
2026-05-26,38,ASTERDM,1.43,0.08,3.15,757.6,486972
2026-05-26,39,BIOCON,1.42,0.0,2.53,436.15,7107481
2026-05-26,40,FINPIPE,1.41,0.5,4.55,178.14,720636
2026-05-27,1,ATGL,13.39,0.94,16.26,808.55,57324845
2026-05-27,2,CUMMINSIND,11.24,-0.08,12.85,6027.5,1722262
2026-05-27,3,DELTACORP,9.28,0.92,15.72,81.05,30630060
2026-05-27,4,INDOSTAR,8.96,0.47,14.2,230.25,1089605
2026-05-27,5,ENRIN,8.77,0.23,10.14,3766.1,1961116
2026-05-27,6,FINCABLES,8.39,0.83,8.68,1177.25,1972063
2026-05-27,7,FINPIPE,7.74,5.87,6.68,191.93,31807476
2026-05-27,8,EXIDEIND,7.62,-0.34,9.08,394.15,24044078
2026-05-27,9,JINDALSAW,7.52,-0.29,8.21,246.07,5836424
2026-05-27,10,HFCL,7.49,0.43,9.43,173.92,79961509
2026-05-27,11,AIAENG,6.87,0.0,9.0,4428.1,1149941
2026-05-27,12,FDC,6.55,0.95,8.51,429.55,2787340
2026-05-27,13,CGPOWER,6.33,0.39,6.37,934.8,9258467
2026-05-27,14,IFCI,6.18,0.23,6.99,68.38,88863769
2026-05-27,15,ABB,6.1,0.55,6.41,7219.0,636096
2026-05-27,16,INDOCO,5.63,0.4,9.53,204.0,1091485
2026-05-27,17,ADANIENSOL,5.25,1.48,5.72,1540.1,7841736
2026-05-27,18,GILLETTE,4.85,0.99,6.58,8273.5,204355
2026-05-27,19,KIOCL,4.78,0.0,7.78,416.1,782039
2026-05-27,20,KIRLOSENG,4.52,-0.33,5.19,1830.0,618271
2026-05-27,21,HINDALCO,4.16,1.31,3.23,1149.7,7559470
2026-05-27,22,BLISSGVS,4.15,1.04,6.46,396.85,9275397
2026-05-27,23,IFBIND,3.84,1.93,5.85,1192.0,381713
2026-05-27,24,LUXIND,3.49,-0.54,5.48,1438.0,72669
2026-05-27,25,GRANULES,3.45,0.46,5.97,782.6,11995874
2026-05-27,26,CHENNPETRO,3.27,0.51,4.98,1053.1,1253123
2026-05-27,27,BANDHANBNK,2.71,0.05,3.87,205.83,12630859
2026-05-27,28,KEI,2.65,0.27,2.8,5446.2,328358
2026-05-27,29,ELGIEQUIP,2.65,0.96,5.19,577.9,1232509
2026-05-27,30,ETERNAL,2.53,0.37,3.11,256.51,36661755
2026-05-27,31,AMBUJACEM,2.23,0.07,2.74,459.75,4281809
2026-05-27,32,ADANIGREEN,2.23,1.0,3.5,1489.9,6509853
2026-05-27,33,BERGEPAINT,2.21,-0.22,3.27,526.95,250085
2026-05-27,34,BAJAJ-AUTO,2.03,0.3,2.4,10808.5,317630
2026-05-27,35,INDIGO,1.99,-0.02,3.64,4570.0,1369227
2026-05-27,36,BOMDYEING,1.95,0.04,6.2,128.41,1771840
2026-05-27,37,ASHOKLEY,1.92,0.19,2.9,163.62,21717793
2026-05-27,38,HEROMOTOCO,1.85,0.2,2.45,5075.0,460843
2026-05-27,39,IDFCFIRSTB,1.79,0.0,3.2,71.48,16565002
2026-05-27,40,ADANIPOWER,1.79,1.26,2.92,248.91,85859567
2026-05-29,1,GUJGASLTD,8.48,0.05,10.82,401.15,2598864
2026-05-29,2,BLISSGVS,7.17,0.31,11.2,425.3,7739080
2026-05-29,3,KIRLOSENG,5.36,0.25,6.66,1928.0,1104553
2026-05-29,4,IFBIND,5.08,1.43,13.31,1252.5,912172
2026-05-29,5,GULFOILLUB,4.62,0.01,7.23,973.05,588617
2026-05-29,6,ERIS,3.57,0.0,3.86,1399.0,174852
2026-05-29,7,HFCL,3.46,0.62,10.79,179.94,111112652
2026-05-29,8,JAMNAAUTO,3.03,0.51,8.47,127.67,14745250
2026-05-29,9,ENRIN,2.81,1.3,4.22,3872.1,2387595
2026-05-29,10,INDOCO,2.77,5.25,5.58,209.66,490667
2026-05-29,11,INDOSTAR,2.66,0.33,9.55,236.37,852336
2026-05-29,12,COFORGE,2.41,1.56,3.19,1421.8,3533060
2026-05-29,13,AIAENG,1.71,0.74,3.96,4503.6,212656
2026-05-29,14,BOSCHLTD,1.64,0.92,4.61,36625.0,168254
2026-05-29,15,EIDPARRY,1.61,0.68,3.3,755.4,447536
2026-05-29,16,HCLTECH,1.6,1.27,1.26,1183.8,12446602
2026-05-29,17,IEX,1.36,-0.09,2.66,128.31,7112020
2026-05-29,18,BANDHANBNK,1.2,0.05,3.18,208.3,17292707
2026-05-29,19,BHARATFORG,0.96,0.92,2.47,1957.2,3127027
2026-05-29,20,ABFRL,0.86,0.0,7.71,64.61,21866359
2026-05-29,21,ALKEM,0.85,2.32,5.81,5498.0,1404988
2026-05-29,22,CUB,0.63,0.02,1.79,191.59,1831233
2026-05-29,23,CREDITACC,0.55,0.49,2.95,1295.5,214487
2026-05-29,24,HYUNDAI,0.54,-0.6,5.97,1924.0,20806845
2026-05-29,25,BALKRISIND,0.49,0.29,8.45,2205.5,638688
2026-05-29,26,CHENNPETRO,0.48,1.13,2.37,1058.2,689112
2026-05-29,27,ABB,0.47,0.84,3.03,7253.0,1105117
2026-05-29,28,IDBI,0.46,0.83,3.8,73.83,13441911
2026-05-29,29,EDELWEISS,0.44,-0.03,3.83,112.82,3774593
2026-05-29,30,JINDALSAW,0.41,0.78,4.68,247.09,4042280
2026-05-29,31,CENTURYPLY,0.39,-0.69,4.76,773.35,122497
2026-05-29,32,IFCI,0.22,0.76,3.58,68.53,45005174
2026-05-29,33,INFY,0.09,1.91,4.86,1160.9,69085430
2026-05-29,34,KALYANKJIL,0.08,0.06,4.36,355.05,52597584
2026-05-29,35,CDSL,0.06,0.48,2.67,1244.6,2255976
2026-05-29,36,CAPLIPOINT,0.06,-0.01,3.68,2024.5,97307
2026-05-29,37,FEDERALBNK,0.02,1.07,3.57,288.95,239376091
2026-05-29,38,ASIANPAINT,-0.01,0.16,4.36,2671.6,5062328
2026-05-29,39,INDIANB,-0.04,0.44,4.42,833.0,34509165
2026-05-29,40,HSCL,-0.12,0.63,3.15,606.45,6139031
2026-06-01,1,ADVENZYMES,4.27,1.5,6.15,379.55,424556
2026-06-01,2,CHENNPETRO,3.66,0.66,5.1,1096.9,2103128
2026-06-01,3,INFY,3.58,1.21,3.73,1202.5,19439331
2026-06-01,4,BALRAMCHIN,3.52,0.27,4.52,532.9,599162
2026-06-01,5,GESHIP,3.44,0.0,5.07,1467.7,1494016
2026-06-01,6,COALINDIA,3.21,-0.29,4.47,472.6,47716517
2026-06-01,7,COFORGE,2.77,1.15,4.23,1461.2,5877548
2026-06-01,8,LUXIND,2.61,0.41,5.19,1416.3,138878
2026-06-01,9,IGL,2.53,0.0,3.65,164.53,5084235
2026-06-01,10,BERGEPAINT,2.46,0.28,3.38,512.9,594208
2026-06-01,11,COROMANDEL,1.94,0.74,3.66,1787.7,487413
2026-06-01,12,KNRCON,1.78,0.0,7.85,128.91,2626588
2026-06-01,13,FSL,1.72,-0.37,4.57,267.25,2211736
2026-06-01,14,JSWSTEEL,1.67,0.12,1.98,1299.4,1388242
2026-06-01,15,EXIDEIND,1.49,1.02,2.63,392.25,3705826
2026-06-01,16,CREDITACC,1.42,0.0,2.87,1313.9,204636
2026-06-01,17,HFCL,1.3,0.03,5.55,182.28,61616434
2026-06-01,18,HINDALCO,1.3,0.29,2.02,1141.3,6934532
2026-06-01,19,GHCL,1.22,0.0,3.93,459.7,194176
2026-06-01,20,ELGIEQUIP,1.19,1.14,4.45,580.25,1000662
2026-06-01,21,BRIGADE,1.17,0.12,2.17,495.0,283837
2026-06-01,22,BAJAJCON,1.13,0.02,3.91,559.05,589877
2026-06-01,23,ASTRAZEN,1.13,0.1,2.83,8729.0,9223
2026-06-01,24,INDIGO,1.1,2.72,4.27,4453.3,1665946
2026-06-01,25,CCL,1.04,0.0,2.74,1064.8,154015
2026-06-01,26,INDIACEM,1.01,0.51,1.57,385.8,144162
2026-06-01,27,HCLTECH,0.95,0.53,1.92,1195.1,5970435
2026-06-01,28,CANFINHOME,0.89,0.0,3.2,837.05,195938
2026-06-01,29,GRANULES,0.67,0.79,2.89,779.0,748331
2026-06-01,30,CHAMBLFERT,0.65,0.77,2.81,469.45,953147
2026-06-01,31,DCMSHRIRAM,0.53,0.02,2.32,1042.2,29946
2026-06-01,32,AUROPHARMA,0.51,0.0,2.03,1433.7,1385493
2026-06-01,33,GSFC,0.48,1.08,1.38,163.89,679110
2026-06-01,34,DCAL,0.47,0.49,3.98,195.62,215093
2026-06-01,35,GRINDWELL,0.45,1.59,4.47,1848.0,174785
2026-06-01,36,DMART,0.43,0.5,1.6,4071.8,307596
2026-06-01,37,AIAENG,0.42,0.49,2.81,4522.7,192749
2026-06-01,38,CASTROLIND,0.41,-0.12,1.64,183.97,696505
2026-06-01,39,ENDURANCE,0.35,0.63,3.98,2732.2,134537
2026-06-01,40,CERA,0.31,0.09,2.67,5582.0,9390
2026-06-02,1,BLISSGVS,7.95,-0.91,11.34,434.45,3872581
2026-06-02,2,IFCI,6.58,-0.33,8.32,71.64,105743147
2026-06-02,3,IFBIND,5.72,-0.14,9.05,1317.8,253081
2026-06-02,4,INFY,5.68,2.49,3.86,1270.8,36032600
2026-06-02,5,HFCL,4.2,-1.25,8.17,189.94,64857457
2026-06-02,6,CHENNPETRO,4.08,-0.26,6.47,1141.6,1839119
2026-06-02,7,HCLTECH,4.05,1.25,4.59,1243.5,7663067
2026-06-02,8,COFORGE,3.99,0.75,6.3,1519.5,10654328
2026-06-02,9,EXIDEIND,3.57,-0.5,5.86,406.25,7426529
2026-06-02,10,GESHIP,3.37,0.0,3.82,1517.2,980366
2026-06-02,11,ADVENZYMES,3.31,-0.18,7.9,392.1,369750
2026-06-02,12,ECLERX,2.92,-0.61,7.06,1517.2,298335
2026-06-02,13,HAVELLS,2.75,-0.89,4.73,1174.6,1283197
2026-06-02,14,COCHINSHIP,2.68,-0.31,4.7,1467.7,1104916
2026-06-02,15,KALYANKJIL,2.66,0.0,4.59,353.1,9500123
2026-06-02,16,CARERATING,2.39,-1.64,4.7,1639.2,46406
2026-06-02,17,KNRCON,2.38,-1.09,6.69,131.98,1395196
2026-06-02,18,INDHOTEL,2.3,-1.03,4.51,661.65,2270486
2026-06-02,19,ADANIENSOL,2.28,-0.15,4.1,1530.6,2826067
2026-06-02,20,BAJAJCON,2.25,-1.35,3.92,571.65,428439
2026-06-02,21,BLUESTARCO,2.25,-0.76,5.08,1579.6,428890
2026-06-02,22,FINEORG,2.11,-0.41,3.89,4586.5,5839
2026-06-02,23,CYIENT,2.11,-0.16,3.03,925.6,589573
2026-06-02,24,DLF,2.03,-0.65,4.1,591.85,4592067
2026-06-02,25,ADANIENT,2.02,-0.84,3.77,2968.1,2066890
2026-06-02,26,ASHOKA,1.97,-0.68,4.8,124.23,718290
2026-06-02,27,INDIANB,1.95,0.26,2.74,825.55,2748849
2026-06-02,28,EIDPARRY,1.9,0.0,3.55,755.3,304271
2026-06-02,29,DCAL,1.78,-0.5,4.65,199.1,224671
2026-06-02,30,ADANIPORTS,1.74,-2.15,4.07,1814.5,2256569
2026-06-02,31,KEI,1.69,-1.26,4.13,5261.5,204472
2026-06-02,32,ABB,1.69,-0.82,3.02,7146.0,511846
2026-06-02,33,FEDERALBNK,1.68,-0.59,3.11,293.05,5900487
2026-06-02,34,APOLLOTYRE,1.67,0.04,4.2,391.75,1479954
2026-06-02,35,ELGIEQUIP,1.57,0.0,3.19,589.35,403156
2026-06-02,36,ADANIPOWER,1.56,-0.99,3.99,235.93,40494771
2026-06-02,37,IDBI,1.55,0.04,2.54,73.19,3593761
2026-06-02,38,GNFC,1.5,-0.86,3.15,506.8,186236
2026-06-02,39,CGPOWER,1.49,0.08,3.07,907.7,4931769
2026-06-02,40,BHEL,1.47,-1.19,3.38,410.75,8510633
2026-06-03,1,IFCI,12.26,0.92,14.13,80.42,322483580
2026-06-03,2,DELTACORP,9.14,0.67,13.37,69.62,25067911
2026-06-03,3,HFCL,4.99,-0.02,5.49,199.41,65716679
2026-06-03,4,CHENNPETRO,4.22,0.74,7.25,1189.8,3461172
2026-06-03,5,JINDALSAW,4.04,0.78,6.51,250.87,4135336
2026-06-03,6,DMART,2.75,0.19,4.36,4168.4,857620
2026-06-03,7,FEDERALBNK,2.73,0.31,4.28,301.05,15946881
2026-06-03,8,INDIANB,2.71,0.48,4.29,847.9,2814036
2026-06-03,9,ERIS,2.57,0.57,3.82,1397.1,112792
2026-06-03,10,APOLLOHOSP,2.48,0.25,2.57,8290.5,724687
2026-06-03,11,BALKRISIND,2.33,-0.25,3.3,2200.4,111771
2026-06-03,12,CANBK,2.15,0.05,3.88,131.85,38359464
2026-06-03,13,GRANULES,2.09,0.57,2.13,793.8,769581
2026-06-03,14,APLAPOLLO,2.05,0.0,3.66,1805.4,504434
2026-06-03,15,ELGIEQUIP,2.01,0.28,4.52,601.2,1223194
2026-06-03,16,BANKINDIA,1.92,0.28,4.25,139.92,7726413
2026-06-03,17,BHARATFORG,1.77,0.27,2.89,1936.5,808066
2026-06-03,18,KIRLOSENG,1.76,0.82,3.15,1889.5,250338
2026-06-03,19,ENRIN,1.75,0.5,4.6,3686.6,1027266
2026-06-03,20,BEML,1.62,-0.03,5.06,1757.3,160435
2026-06-03,21,GREAVESCOT,1.56,-0.2,4.02,183.73,977413
2026-06-03,22,FDC,1.54,1.59,5.42,398.8,505078
2026-06-03,23,BOSCHLTD,1.45,0.0,4.34,37760.0,41647
2026-06-03,24,KTKBANK,1.36,0.04,4.73,267.6,2909567
2026-06-03,25,GICRE,1.31,0.12,2.37,382.6,278145
2026-06-03,26,ICICIBANK,1.26,-0.55,2.82,1242.0,13934754
2026-06-03,27,GRAPHITE,1.21,0.01,3.69,730.05,895481
2026-06-03,28,BLISSGVS,1.2,0.82,4.28,439.65,2648317
2026-06-03,29,BANKBARODA,1.15,-0.71,3.42,268.85,17903043
2026-06-03,30,AVANTIFEED,1.13,0.0,3.75,1171.7,288810
2026-06-03,31,FINEORG,1.03,0.2,3.29,4633.8,6706
2026-06-03,32,INDIGO,1.03,-0.58,3.92,4512.1,808155
2026-06-03,33,CRISIL,1.0,0.01,2.91,3888.3,33277
2026-06-03,34,COLPAL,0.99,-0.09,1.91,2018.6,308158
2026-06-03,35,GUJALKALI,0.89,0.17,5.18,670.75,202532
2026-06-03,36,KRBL,0.88,0.29,3.1,350.15,448473
2026-06-03,37,BSE,0.87,0.09,4.15,3966.1,5058668
2026-06-03,38,JAMNAAUTO,0.82,0.29,3.54,121.66,1571478
2026-06-03,39,CESC,0.82,-1.03,2.45,180.36,1267784
2026-06-03,40,AUROPHARMA,0.78,0.23,2.71,1440.4,969156
2026-06-04,1,ITDC,10.0,1.94,8.5,589.15,357669
2026-06-04,2,HSCL,6.64,-0.01,7.31,642.0,19227270
2026-06-04,3,ENGINERSIN,4.23,-0.27,5.96,237.67,4223885
2026-06-04,4,BASF,3.95,0.05,4.89,3443.7,27029
2026-06-04,5,BLISSGVS,3.76,-1.35,6.78,456.2,1669756
2026-06-04,6,ATGL,3.69,0.14,4.86,744.05,9657791
2026-06-04,7,JINDALSAW,3.64,0.45,6.18,260.0,10769366
2026-06-04,8,HYUNDAI,3.54,-0.88,5.3,1932.4,2040045
2026-06-04,9,ELGIEQUIP,3.48,-0.3,5.44,622.15,1850678
2026-06-04,10,CGPOWER,3.45,0.92,4.88,937.9,8471887
2026-06-04,11,INDOSTAR,3.25,-1.13,6.58,233.92,135102
2026-06-04,12,KIRLOSENG,3.2,0.46,5.95,1949.9,498919
2026-06-04,13,KIOCL,3.02,0.08,6.7,395.3,479407
2026-06-04,14,ETERNAL,2.98,-1.01,5.75,254.35,36690161
2026-06-04,15,GRINDWELL,2.91,-0.37,4.7,1921.4,83341
2026-06-04,16,INDOCO,2.82,-0.21,7.13,213.28,249447
2026-06-04,17,DBL,2.67,-0.24,5.39,427.35,155944
2026-06-04,18,KALYANKJIL,2.58,-0.42,6.02,362.1,14354554
2026-06-04,19,CAPLIPOINT,2.37,-1.16,4.56,2019.7,97390
2026-06-04,20,GAIL,2.25,-1.42,4.03,167.55,11510123
2026-06-04,21,FINCABLES,2.16,-0.05,3.81,1018.1,389452
2026-06-04,22,COALINDIA,1.98,0.15,2.46,481.65,16059802
2026-06-04,23,IFCI,1.94,0.72,6.6,81.98,202071793
2026-06-04,24,APLLTD,1.93,-0.85,4.21,737.55,636136
2026-06-04,25,ADANIENSOL,1.8,-0.07,2.94,1520.0,2706265
2026-06-04,26,CIPLA,1.71,-0.74,3.7,1398.7,1548692
2026-06-04,27,BSE,1.7,-0.43,4.5,4033.4,4245472
2026-06-04,28,BLUESTARCO,1.7,-0.04,5.26,1607.6,1336959
2026-06-04,29,CARBORUNIV,1.67,0.0,2.95,1028.6,113027
2026-06-04,30,CUMMINSIND,1.67,0.13,3.6,5787.5,502845
2026-06-04,31,AIAENG,1.66,-0.02,3.17,4596.5,96853
2026-06-04,32,DABUR,1.63,-0.08,3.43,424.65,2919945
2026-06-04,33,ADANIENT,1.61,-0.19,2.22,2972.8,1722991
2026-06-04,34,AUROPHARMA,1.61,0.12,3.5,1463.6,931335
2026-06-04,35,GMDCLTD,1.5,0.17,2.44,676.85,1776470
2026-06-04,36,CENTURYPLY,1.49,-0.68,2.37,764.1,30152
2026-06-04,37,GICRE,1.45,-0.16,3.12,388.15,440578
2026-06-04,38,CEATLTD,1.43,0.0,2.76,3230.2,105783
2026-06-04,39,KEI,1.42,0.0,3.61,5296.0,201738
2026-06-04,40,ABCAPITAL,1.41,0.0,3.07,353.65,3074970
2026-06-05,1,ITDC,13.71,4.22,16.49,669.95,18236659
2026-06-05,2,ADANIGREEN,7.19,0.54,7.02,1525.7,10448500
2026-06-05,3,HSCL,6.71,0.58,11.5,685.05,24445679
2026-06-05,4,GREAVESCOT,5.04,0.02,6.54,192.2,4128580
2026-06-05,5,ADANIENSOL,3.88,0.55,4.24,1579.0,5528998
2026-06-05,6,FINCABLES,3.87,0.19,5.06,1057.5,697666
2026-06-05,7,EDELWEISS,3.24,0.39,5.07,114.67,5788721
2026-06-05,8,FORTIS,2.98,0.62,3.24,968.65,1545060
2026-06-05,9,KALYANKJIL,2.69,1.35,3.42,371.85,8220311
2026-06-05,10,BBTC,2.64,1.34,2.95,1529.1,68257
2026-06-05,11,KIOCL,2.57,1.44,6.06,405.45,576375
2026-06-05,12,BAJAJELEC,2.55,0.41,3.77,311.5,477337
2026-06-05,13,ADANIENT,2.54,0.65,4.64,3048.2,5617327
2026-06-05,14,ATGL,2.45,0.4,3.9,762.25,10074052
2026-06-05,15,ASTERDM,2.16,0.12,2.32,754.0,233590
2026-06-05,16,HINDUNILVR,2.02,0.35,2.42,2121.5,1822999
2026-06-05,17,CANBK,2.02,0.06,2.52,135.81,47139920
2026-06-05,18,COROMANDEL,1.92,1.13,2.67,1796.8,402350
2026-06-05,19,GRINDWELL,1.92,-0.33,2.96,1958.2,76304
2026-06-05,20,ADANIPORTS,1.86,0.59,1.74,1824.2,1640762
2026-06-05,21,BAJFINANCE,1.72,-0.05,4.46,889.4,13274646
2026-06-05,22,JBCHEPHARM,1.67,0.55,2.77,2169.3,188786
2026-06-05,23,KRBL,1.6,-0.38,2.93,356.65,360238
2026-06-05,24,AXISBANK,1.52,0.53,1.91,1272.3,7825303
2026-06-05,25,ICICIGI,1.45,0.28,2.07,1758.0,756353
2026-06-05,26,IGL,1.4,0.06,2.11,164.32,2353993
2026-06-05,27,FINEORG,1.38,1.92,2.51,4754.4,17984
2026-06-05,28,FEDERALBNK,1.35,0.13,3.22,304.15,9322801
2026-06-05,29,ICICIPRULI,1.29,0.41,2.76,483.25,1629387
2026-06-05,30,BANKINDIA,1.27,0.15,2.56,141.46,12702704
2026-06-05,31,GICRE,1.24,0.0,1.79,392.95,281956
2026-06-05,32,BOMDYEING,1.18,0.39,2.3,122.95,519006
2026-06-05,33,CHOLAFIN,1.16,0.03,4.64,1503.2,2458256
2026-06-05,34,ADANIPOWER,1.12,0.72,2.67,232.6,30846795
2026-06-05,35,ESCORTS,1.11,0.51,1.72,2781.5,112142
2026-06-05,36,CARBORUNIV,1.09,1.12,4.48,1039.8,311452
2026-06-05,37,ABCAPITAL,1.09,0.07,3.79,357.5,3775258
2026-06-05,38,CHAMBLFERT,1.08,0.71,1.4,467.7,567168
2026-06-05,39,BATAINDIA,1.07,0.36,1.71,664.6,72436
2026-06-05,40,CCL,1.07,0.12,1.85,1079.1,147309
2026-06-08,1,CCL,8.7,-0.84,14.71,1173.0,6371979
2026-06-08,2,BAJAJCON,4.22,0.61,8.07,575.35,2324807
2026-06-08,3,CAPLIPOINT,3.83,-1.06,7.21,2111.0,628306
2026-06-08,4,BALRAMCHIN,3.5,-0.34,6.13,550.4,1652219
2026-06-08,5,INDOSTAR,2.47,-1.21,8.48,240.64,438590
2026-06-08,6,FORTIS,2.11,-1.35,5.2,989.1,4402527
2026-06-08,7,ALKEM,2.0,-0.03,4.26,5356.5,225217
2026-06-08,8,CANFINHOME,1.84,-0.36,4.24,822.75,326243
2026-06-08,9,BOMDYEING,1.82,0.07,8.48,125.19,5298846
2026-06-08,10,DEEPAKFERT,1.81,-1.67,5.43,1451.6,678050
2026-06-08,11,ASTERDM,1.61,-0.36,5.67,766.15,1890588
2026-06-08,12,CARBORUNIV,1.41,-1.42,4.29,1054.5,146955
2026-06-08,13,ADVENZYMES,1.35,-1.92,5.97,372.0,206079
2026-06-08,14,BEL,1.16,-2.25,4.04,412.95,12017495
2026-06-08,15,ICRA,0.99,-0.02,3.42,5119.5,7841
2026-06-08,16,APLLTD,0.96,0.59,2.91,745.5,449802
2026-06-08,17,BSE,0.95,-1.74,4.44,3916.8,3952740
2026-06-08,18,GLAXO,0.91,-0.43,2.21,2183.8,84616
2026-06-08,19,CUB,0.88,-0.76,3.68,185.25,2254752
2026-06-08,20,BHARTIARTL,0.84,-1.28,2.73,1813.3,6324919
2026-06-08,21,CHENNPETRO,0.84,-1.02,5.38,1191.3,1528719
2026-06-08,22,GAIL,0.72,-0.82,3.02,168.6,8999902
2026-06-08,23,ENGINERSIN,0.67,-1.59,4.92,239.37,4779777
2026-06-08,24,APOLLOHOSP,0.65,-1.13,3.36,8358.5,539009
2026-06-08,25,ESCORTS,0.62,-0.58,2.76,2798.7,116022
2026-06-08,26,LALPATHLAB,0.59,-1.74,5.49,1545.9,342382
2026-06-08,27,HAL,0.5,-1.19,3.23,4238.0,719608
2026-06-08,28,GLENMARK,0.48,-0.84,3.47,2176.5,491134
2026-06-08,29,ECLERX,0.34,-0.37,4.84,1384.8,207300
2026-06-08,30,BERGEPAINT,0.34,-1.07,2.86,491.9,281633
2026-06-08,31,COLPAL,0.3,-0.67,2.36,2005.5,313988
2026-06-08,32,JBCHEPHARM,0.16,-0.24,4.37,2172.8,198356
2026-06-08,33,FEDERALBNK,0.15,-0.54,2.86,304.6,12112735
2026-06-08,34,INDIANB,0.11,-0.6,2.74,843.0,2040599
2026-06-08,35,FDC,0.07,-1.31,5.18,381.25,327397
2026-06-08,36,EMAMILTD,0.05,-1.22,2.94,385.0,436832
2026-06-08,37,DBCORP,0.0,0.0,2.38,201.81,55613
2026-06-08,38,ERIS,-0.01,-0.75,2.71,1365.1,56948
2026-06-08,39,BEML,-0.08,-0.44,3.29,1741.4,218994
2026-06-08,40,GODREJCP,-0.1,-1.19,2.06,997.0,630285
2026-06-09,1,CAPLIPOINT,6.83,0.54,7.8,2255.2,614724
2026-06-09,2,CERA,6.61,0.53,7.82,5835.0,219376
2026-06-09,3,KIOCL,5.99,0.84,5.86,411.25,595207
2026-06-09,4,BANKBARODA,5.59,0.44,5.32,273.75,32633870
2026-06-09,5,KTKBANK,5.46,0.37,5.55,270.6,3892012
2026-06-09,6,BANKINDIA,5.45,0.09,5.57,147.72,22007536
2026-06-09,7,INDOSTAR,5.38,-0.31,8.09,253.59,293063
2026-06-09,8,IDBI,4.9,0.9,5.07,75.37,15955375
2026-06-09,9,DEEPAKFERT,4.62,0.23,5.02,1518.6,584139
2026-06-09,10,IFCI,4.43,0.31,5.01,77.07,47703896
2026-06-09,11,CANBK,4.25,-0.39,4.85,137.51,57740162
2026-06-09,12,INDIGO,4.08,0.35,3.97,4537.6,1000203
2026-06-09,13,BAJAJHLDNG,3.9,0.71,4.15,10253.0,57488
2026-06-09,14,CUB,3.81,0.32,4.88,192.3,6175213
2026-06-09,15,INDIANB,3.79,0.82,3.65,874.95,3638354
2026-06-09,16,DBL,3.78,0.18,3.89,436.5,125511
2026-06-09,17,IFBIND,3.78,0.87,3.98,1286.0,59047
2026-06-09,18,GODFRYPHLP,3.63,0.1,4.21,2263.2,363095
2026-06-09,19,DIVISLAB,3.56,0.21,3.91,6753.0,912179
2026-06-09,20,FEDERALBNK,3.45,0.69,3.14,315.1,14386417
2026-06-09,21,BOSCHLTD,3.31,0.67,3.4,37820.0,46439
2026-06-09,22,CHOLAHLDNG,3.24,0.25,3.19,1458.1,91972
2026-06-09,23,FDC,3.21,0.5,3.86,393.5,281725
2026-06-09,24,COROMANDEL,3.2,0.0,4.25,1807.1,298605
2026-06-09,25,INDOCO,3.17,1.56,4.37,205.86,111058
2026-06-09,26,IDFCFIRSTB,3.16,1.26,3.43,73.69,42291787
2026-06-09,27,ASTERDM,3.16,0.5,4.84,790.35,2322732
2026-06-09,28,INDUSINDBK,3.1,0.11,3.57,922.8,1694676
2026-06-09,29,BBTC,3.04,0.0,3.77,1527.2,60207
2026-06-09,30,GMDCLTD,2.98,0.21,3.47,627.8,1700315
2026-06-09,31,ADANIGREEN,2.95,1.9,3.66,1534.5,4557152
2026-06-09,32,CHENNPETRO,2.95,-0.03,4.44,1226.4,1050287
2026-06-09,33,HIMATSEIDE,2.88,1.16,3.31,76.88,352414
2026-06-09,34,DCMSHRIRAM,2.81,-0.13,3.69,1025.2,71791
2026-06-09,35,CHOLAFIN,2.71,0.59,2.81,1495.4,1430472
2026-06-09,36,HINDCOPPER,2.66,0.7,2.56,519.6,2628178
2026-06-09,37,BHEL,2.65,0.5,3.2,396.55,9498965
2026-06-09,38,GNFC,2.63,0.22,5.42,498.85,199011
2026-06-09,39,KEI,2.58,1.36,3.44,5281.0,204371
2026-06-09,40,HINDPETRO,2.48,0.87,2.96,382.0,6667087
2026-06-10,1,CHAMBLFERT,5.04,1.37,4.38,477.65,4969287
2026-06-10,2,COROMANDEL,4.07,0.46,4.43,1880.7,623772
2026-06-10,3,CCL,3.86,0.24,7.34,1193.4,2727692
2026-06-10,4,CRISIL,3.73,-0.87,6.52,4003.3,158230
2026-06-10,5,AAVAS,3.4,0.52,4.37,1299.6,155946
2026-06-10,6,BERGEPAINT,2.95,0.45,4.16,516.7,660384
2026-06-10,7,HONAUT,2.86,0.36,4.98,36130.0,13857
2026-06-10,8,ASTERDM,2.85,0.27,4.1,812.9,2258113
2026-06-10,9,CAPLIPOINT,2.4,0.25,7.48,2309.4,861544
2026-06-10,10,CANFINHOME,2.29,0.11,3.43,845.9,297828
2026-06-10,11,KANSAINER,2.23,0.0,3.7,214.4,1088173
2026-06-10,12,HSCL,1.99,0.37,6.54,693.0,21296979
2026-06-10,13,AJANTPHARM,1.91,0.78,3.55,3074.9,182466
2026-06-10,14,HINDUNILVR,1.72,0.1,3.35,2169.5,2325534
2026-06-10,15,AXISBANK,1.71,-0.69,3.33,1314.5,12262606
2026-06-10,16,COLPAL,1.63,0.04,3.74,2056.3,1111107
2026-06-10,17,ICICIBANK,1.44,-0.29,2.72,1293.3,25951584
2026-06-10,18,GODREJCP,1.42,0.47,2.9,1027.6,1601364
2026-06-10,19,BLUEDART,1.4,0.53,3.83,4756.6,24519
2026-06-10,20,BRITANNIA,1.24,0.05,2.52,5171.0,322498
2026-06-10,21,BHARATFORG,1.24,0.0,5.11,1949.2,1923743
2026-06-10,22,ITDC,1.15,0.47,6.89,600.75,1692229
2026-06-10,23,EMAMILTD,1.01,0.03,3.79,394.85,935150
2026-06-10,24,APLLTD,0.78,0.33,2.7,737.2,223213
2026-06-10,25,EIHOTEL,0.74,0.48,2.3,293.3,173524
2026-06-10,26,BLISSGVS,0.72,0.09,4.92,424.65,1580660
2026-06-10,27,DCMSHRIRAM,0.71,-0.5,2.36,1032.5,34880
2026-06-10,28,BLUESTARCO,0.69,0.01,2.92,1581.7,470394
2026-06-10,29,JSWSTEEL,0.64,0.34,3.13,1269.8,3053155
2026-06-10,30,CERA,0.59,0.0,3.75,5869.5,38007
2026-06-10,31,GILLETTE,0.57,0.29,3.55,7701.5,35295
2026-06-10,32,HAVELLS,0.43,-0.01,1.57,1155.5,673056
2026-06-10,33,DABUR,0.41,0.2,2.83,427.9,2288936
2026-06-10,34,GULFOILLUB,0.41,0.09,2.88,917.95,72818
2026-06-10,35,BEML,0.36,0.27,3.89,1770.6,232757
2026-06-10,36,AUROPHARMA,0.32,-0.36,2.16,1453.6,1123785
2026-06-10,37,ASIANPAINT,0.26,0.11,1.62,2715.1,1395772
2026-06-10,38,DRREDDY,0.25,0.01,1.34,1271.7,1172155
2026-06-10,39,GAIL,0.25,-0.58,2.12,168.01,11363717
2026-06-10,40,CARERATING,0.25,0.31,2.87,1629.0,32054
2026-06-11,1,INDOCO,18.56,1.0,19.98,243.0,10972328
2026-06-11,2,AVANTIFEED,2.86,-0.43,5.97,1034.1,1005883
2026-06-11,3,BLISSGVS,2.8,0.55,3.77,436.55,1122515
2026-06-11,4,HYUNDAI,2.6,-0.32,4.65,1940.1,933453
2026-06-11,5,INDIACEM,2.33,0.24,4.35,384.65,427975
2026-06-11,6,JBCHEPHARM,2.33,-0.47,4.22,2252.7,395798
2026-06-11,7,BALRAMCHIN,2.24,1.02,2.56,548.55,1060977
2026-06-11,8,AJANTPHARM,2.23,0.02,3.14,3143.4,192433
2026-06-11,9,AAVAS,2.2,-0.5,6.69,1328.2,872894
2026-06-11,10,FINCABLES,1.85,-0.15,5.92,1012.9,474174
2026-06-11,11,ICICIBANK,1.83,-0.53,3.6,1317.0,35919374
2026-06-11,12,GESHIP,1.59,-1.08,4.96,1389.5,840778
2026-06-11,13,LALPATHLAB,1.58,-0.87,4.45,1593.5,369662
2026-06-11,14,CUB,1.44,0.34,2.84,192.6,4193555
2026-06-11,15,LUPIN,1.16,0.0,1.77,2273.3,1038391
2026-06-11,16,KRBL,1.04,-0.31,3.25,345.4,436690
2026-06-11,17,CEATLTD,1.01,-0.23,3.36,3149.0,174072
2026-06-11,18,JSWSTEEL,0.98,-0.3,2.55,1282.3,1915489
2026-06-11,19,CAPLIPOINT,0.94,0.0,3.63,2331.0,286180
2026-06-11,20,KANSAINER,0.76,-0.05,2.7,216.04,261708
2026-06-11,21,AUROPHARMA,0.72,0.3,1.14,1464.1,625882
2026-06-11,22,BAJAJCON,0.61,0.04,5.14,566.25,1031076
2026-06-11,23,GRASIM,0.6,-0.43,2.06,3089.5,613443
2026-06-11,24,INDUSINDBK,0.57,-0.01,1.79,888.95,1768283
2026-06-11,25,CIPLA,0.46,-0.07,1.24,1383.3,654474
2026-06-11,26,DEEPAKFERT,0.45,0.0,4.81,1501.6,394869
2026-06-11,27,AUBANK,0.43,-0.75,2.62,963.3,1515822
2026-06-11,28,BHARTIARTL,0.42,-0.12,1.54,1782.6,5020731
2026-06-11,29,DRREDDY,0.34,-0.05,1.52,1276.0,1057772
2026-06-11,30,BIOCON,0.33,0.01,1.85,415.95,1772908
2026-06-11,31,GRANULES,0.31,-0.57,3.93,763.15,877372
2026-06-11,32,KEI,0.29,-0.15,2.26,5181.5,275475
2026-06-11,33,DIVISLAB,0.26,-0.05,1.43,6655.5,228572
2026-06-11,34,AXISBANK,0.21,-0.43,2.45,1317.3,8196686
2026-06-11,35,ASTERDM,0.1,0.14,2.28,813.75,967137
2026-06-11,36,APLAPOLLO,0.1,-0.7,1.86,1764.1,473764
2026-06-11,37,APOLLOHOSP,0.05,-0.12,1.25,8493.0,314597
2026-06-11,38,BRIGADE,0.04,-0.65,1.36,486.34,161721
2026-06-11,39,ALKEM,0.04,0.46,1.37,5301.5,120184
2026-06-11,40,GLENMARK,0.0,0.01,1.39,2144.5,353598
2026-06-12,1,IFCI,19.99,2.58,17.41,84.57,240541132
2026-06-12,2,ASHOKLEY,10.01,3.35,7.76,152.45,69272916
2026-06-12,3,CHOLAFIN,7.78,2.37,6.36,1568.1,3265447
2026-06-12,4,CHOLAHLDNG,6.92,0.38,7.51,1524.2,329320
2026-06-12,5,ASHOKA,6.87,1.61,6.19,123.06,1136082
2026-06-12,6,JINDALSAW,6.72,2.48,5.88,238.5,1960070
2026-06-12,7,ABCAPITAL,6.39,2.41,5.17,358.1,3057116
2026-06-12,8,HINDPETRO,6.34,3.28,5.22,388.9,14100531
2026-06-12,9,JAMNAAUTO,6.25,2.36,5.6,121.8,2466803
2026-06-12,10,KNRCON,6.21,0.71,6.19,125.17,2003877
2026-06-12,11,KRBL,6.2,0.59,6.09,366.8,1009787
2026-06-12,12,CEATLTD,5.88,1.91,5.35,3334.3,221811
2026-06-12,13,AAVAS,5.83,2.39,6.88,1405.7,840069
2026-06-12,14,ENRIN,5.7,1.36,6.41,3606.9,676476
2026-06-12,15,BPCL,5.59,2.36,3.93,302.35,11278769
2026-06-12,16,CARBORUNIV,5.54,0.42,6.41,1053.1,367180
2026-06-12,17,BANDHANBNK,5.52,2.11,6.07,204.6,10237548
2026-06-12,18,BAJFINANCE,5.49,1.22,4.58,918.3,11729668
2026-06-12,19,AUBANK,5.42,0.75,6.26,1015.5,4077611
2026-06-12,20,KIRLOSENG,5.15,0.62,5.34,1890.5,238134
2026-06-12,21,HFCL,5.0,3.86,1.74,171.86,9299089
2026-06-12,22,IOC,4.99,2.06,3.52,140.94,18813847
2026-06-12,23,GREAVESCOT,4.96,1.25,4.15,185.04,1084316
2026-06-12,24,CERA,4.94,1.12,5.5,6144.0,37391
2026-06-12,25,GODFRYPHLP,4.92,2.09,3.68,2301.0,469827
2026-06-12,26,IDFCFIRSTB,4.87,0.62,5.54,76.5,47039199
2026-06-12,27,ENGINERSIN,4.79,0.51,5.98,234.68,3699138
2026-06-12,28,CUB,4.72,2.49,6.23,201.7,6852764
2026-06-12,29,BRIGADE,4.65,1.78,4.22,508.95,436760
2026-06-12,30,DCAL,4.65,1.5,4.53,184.64,285179
2026-06-12,31,INDIGO,4.6,2.15,3.63,4709.7,2530474
2026-06-12,32,BAJAJCON,4.49,1.46,4.08,591.65,544779
2026-06-12,33,ECLERX,4.42,1.3,4.15,1396.0,118498
2026-06-12,34,DLF,4.27,1.42,4.2,587.05,4184509
2026-06-12,35,IDBI,4.26,1.51,3.13,75.39,8499345
2026-06-12,36,EDELWEISS,4.24,1.6,3.31,109.93,2577505
2026-06-12,37,KALYANKJIL,4.22,2.18,3.25,344.75,7962150
2026-06-12,38,APOLLOTYRE,4.21,2.02,2.98,396.3,1147185
2026-06-12,39,AMBUJACEM,4.2,1.53,4.27,423.1,2885819
2026-06-12,40,KTKBANK,4.02,1.02,3.74,275.7,3073840
2026-06-15,1,KALYANKJIL,11.09,2.1,10.37,383.0,39244670
2026-06-15,2,BALKRISIND,8.91,2.36,7.91,2192.5,1031761
2026-06-15,3,ASHOKA,7.66,4.01,9.98,132.49,38723490
2026-06-15,4,HDFCAMC,6.8,1.8,5.63,2622.9,2029867
2026-06-15,5,CHENNPETRO,6.41,1.78,6.22,1210.6,2196721
2026-06-15,6,IFCI,5.95,3.67,7.8,89.6,309826530
2026-06-15,7,CHOLAFIN,5.45,2.67,3.62,1653.6,4372229
2026-06-15,8,GRINDWELL,5.31,2.81,4.61,2023.1,84893
2026-06-15,9,HFCL,5.0,5.0,0.0,180.45,7783340
2026-06-15,10,CREDITACC,4.93,0.9,4.82,1375.0,290020
2026-06-15,11,EIHOTEL,4.77,1.88,4.84,309.55,332047
2026-06-15,12,DLF,4.67,2.38,3.75,614.45,9305171
2026-06-15,13,HDFCLIFE,4.65,1.02,4.02,581.2,2381721
2026-06-15,14,APOLLOTYRE,4.55,2.79,2.7,414.35,2449234
2026-06-15,15,ENDURANCE,4.54,1.81,4.68,2616.3,94062
2026-06-15,16,GULFOILLUB,4.28,2.01,3.55,979.6,119930
2026-06-15,17,EICHERMOT,4.27,0.7,4.98,7624.5,784420
2026-06-15,18,FINEORG,4.22,0.64,4.82,4924.0,36777
2026-06-15,19,EDELWEISS,4.18,2.7,2.72,114.52,5543200
2026-06-15,20,BHARATFORG,3.88,1.36,4.17,2020.5,1665028
2026-06-15,21,ICICIPRULI,3.84,2.53,3.17,486.15,1669606
2026-06-15,22,CROMPTON,3.84,1.66,4.0,266.05,2951333
2026-06-15,23,IGL,3.73,1.82,3.36,169.62,4261790
2026-06-15,24,CENTURYPLY,3.69,0.33,4.28,751.35,51516
2026-06-15,25,COROMANDEL,3.63,1.0,4.28,1986.3,469504
2026-06-15,26,CEATLTD,3.63,2.57,2.12,3455.3,347628
2026-06-15,27,INDIGO,3.62,2.34,2.79,4880.4,2365057
2026-06-15,28,BAJAJFINSV,3.62,1.47,3.03,1750.2,2002931
2026-06-15,29,GHCL,3.58,2.24,2.22,445.85,500699
2026-06-15,30,GREAVESCOT,3.46,2.44,3.65,191.44,2054956
2026-06-15,31,ASHOKLEY,3.44,4.3,2.33,157.7,55366732
2026-06-15,32,BOMDYEING,3.37,1.49,4.4,131.43,2299358
2026-06-15,33,ETERNAL,3.36,2.54,3.53,252.0,39998375
2026-06-15,34,GODREJIND,3.34,1.17,3.27,1072.6,121319
2026-06-15,35,HINDPETRO,3.28,4.58,2.55,401.65,9648829
2026-06-15,36,JINDALSAW,3.27,2.31,3.17,246.31,2767217
2026-06-15,37,GUJALKALI,3.2,0.68,8.16,653.95,155899
2026-06-15,38,BIRLACORPN,3.18,1.03,4.01,981.35,88970
2026-06-15,39,HEG,3.15,1.25,3.33,542.9,1060380
2026-06-15,40,AIAENG,3.13,2.22,3.62,4469.2,58196
2026-06-16,1,BRIGADE,5.28,0.93,5.64,540.19,1533219
2026-06-16,2,EDELWEISS,5.27,0.42,7.42,120.55,11705853
2026-06-16,3,GNFC,5.12,0.98,5.63,536.05,1572111
2026-06-16,4,HFCL,4.73,1.97,4.42,188.98,34029890
2026-06-16,5,COFORGE,4.44,1.24,4.51,1464.8,4085487
2026-06-16,6,GLAXO,3.78,0.21,3.9,2202.8,199157
2026-06-16,7,COROMANDEL,3.7,0.44,5.04,2059.7,568500
2026-06-16,8,HCLTECH,3.55,1.94,2.18,1159.0,8343470
2026-06-16,9,ITDC,3.4,0.66,4.58,618.4,568950
2026-06-16,10,CHAMBLFERT,3.35,1.0,4.98,490.0,4196091
2026-06-16,11,CUB,3.06,-0.75,4.51,205.45,3502570
2026-06-16,12,HSCL,3.03,0.46,4.72,689.2,12041950
2026-06-16,13,ICICIGI,2.85,0.02,3.34,1783.6,389087
2026-06-16,14,JAMNAAUTO,2.83,0.03,3.44,128.5,3788686
2026-06-16,15,BLISSGVS,2.81,0.13,7.28,451.9,1212064
2026-06-16,16,BANDHANBNK,2.78,1.04,5.04,216.74,14775474
2026-06-16,17,HERITGFOOD,2.52,0.45,3.64,329.35,428467
2026-06-16,18,DMART,2.5,0.24,2.44,4201.3,483671
2026-06-16,19,GESHIP,2.49,0.49,3.17,1418.6,708510
2026-06-16,20,DLF,2.42,0.58,3.3,629.3,5391666
2026-06-16,21,BALMLAWRIE,2.39,0.1,3.11,181.46,371625
2026-06-16,22,CREDITACC,2.36,0.36,2.46,1407.5,275118
2026-06-16,23,KTKBANK,2.33,-0.13,2.9,279.05,2273177
2026-06-16,24,FINEORG,2.31,1.3,3.39,5037.8,21986
2026-06-16,25,GALAXYSURF,2.26,0.78,2.85,1796.0,7776
2026-06-16,26,ECLERX,2.13,0.28,3.04,1436.1,178469
2026-06-16,27,BAJAJFINSV,2.12,0.27,2.9,1787.3,2043227
2026-06-16,28,HINDUNILVR,2.03,0.23,2.27,2199.9,1337309
2026-06-16,29,3MINDIA,2.01,0.08,3.73,32300.0,4732
2026-06-16,30,GMDCLTD,2.0,0.4,2.84,619.35,1420420
2026-06-16,31,HONAUT,1.99,0.99,2.27,36620.0,4462
2026-06-16,32,KIOCL,1.96,0.0,3.8,410.45,388117
2026-06-16,33,CESC,1.92,-0.01,2.98,172.26,1382437
2026-06-16,34,COLPAL,1.91,0.48,1.88,2096.9,711308
2026-06-16,35,BAJFINANCE,1.84,0.39,1.9,959.65,9335988
2026-06-16,36,BIRLACORPN,1.83,-0.53,2.75,999.3,75408
2026-06-16,37,DEEPAKFERT,1.77,0.5,2.84,1535.0,413700
2026-06-16,38,GHCL,1.74,0.52,1.84,453.6,586994
2026-06-16,39,BALKRISIND,1.74,0.14,2.81,2230.6,205361
2026-06-16,40,BAJAJHLDNG,1.73,0.62,1.99,10464.0,32359
2026-06-17,1,IDBI,17.12,0.31,19.35,90.36,233255213
2026-06-17,2,FINCABLES,6.11,0.42,7.95,1120.0,897747
2026-06-17,3,CARBORUNIV,6.08,0.0,6.52,1130.3,543328
2026-06-17,4,BLISSGVS,5.08,0.91,5.31,474.85,1969782
2026-06-17,5,ENRIN,4.89,0.17,5.21,3785.2,797487
2026-06-17,6,HAL,4.81,0.49,5.05,4460.5,1421845
2026-06-17,7,COCHINSHIP,4.79,0.08,5.79,1500.2,2340067
2026-06-17,8,KEI,4.77,0.81,4.87,5643.5,440733
2026-06-17,9,BRIGADE,4.75,3.61,7.57,565.85,7407008
2026-06-17,10,ENGINERSIN,4.71,0.53,4.8,243.19,6865480
2026-06-17,11,BLUESTARCO,4.58,0.78,4.74,1695.6,1266953
2026-06-17,12,GNFC,4.33,0.51,4.75,559.25,1634180
2026-06-17,13,JINDALSAW,4.26,0.62,6.03,258.48,2835731
2026-06-17,14,CROMPTON,4.23,0.49,4.12,275.9,3805049
2026-06-17,15,AAVAS,4.23,0.46,4.38,1452.4,202484
2026-06-17,16,GULFOILLUB,4.13,0.18,4.46,1033.95,124998
2026-06-17,17,KIRLOSENG,3.66,-0.18,5.11,1988.7,369553
2026-06-17,18,APOLLOTYRE,3.16,1.81,5.46,429.6,6404212
2026-06-17,19,EIHOTEL,3.03,0.08,3.75,314.9,170927
2026-06-17,20,BEL,3.02,-0.13,3.99,419.85,24506595
2026-06-17,21,IRFC,2.88,0.27,3.54,100.44,19849822
2026-06-17,22,ICICIPRULI,2.71,0.66,3.05,503.65,2428711
2026-06-17,23,INDIANB,2.7,0.55,2.91,876.35,2138011
2026-06-17,24,HINDALCO,2.6,0.26,4.11,1007.9,10853418
2026-06-17,25,ERIS,2.51,0.54,2.75,1411.1,44785
2026-06-17,26,CGPOWER,2.45,0.03,3.04,963.75,3996950
2026-06-17,27,BANKBARODA,2.36,0.6,3.05,281.85,11929170
2026-06-17,28,3MINDIA,2.35,0.0,3.17,33060.0,3525
2026-06-17,29,CDSL,2.13,0.47,2.44,1290.9,2169716
2026-06-17,30,BHEL,2.1,0.0,3.16,392.25,7880789
2026-06-17,31,DMART,2.05,0.33,2.49,4287.5,1183530
2026-06-17,32,ABB,2.04,0.0,2.96,7164.0,298071
2026-06-17,33,KNRCON,1.98,0.16,2.7,131.64,1365482
2026-06-17,34,HDFCAMC,1.97,0.72,2.31,2711.1,912665
2026-06-17,35,CREDITACC,1.95,0.01,2.44,1434.9,303130
2026-06-17,36,CUMMINSIND,1.91,0.6,2.18,5833.0,338488
2026-06-17,37,ETERNAL,1.89,0.16,3.67,258.4,33196297
2026-06-17,38,BPCL,1.87,1.25,1.35,317.95,14716072
2026-06-17,39,AUROPHARMA,1.84,0.24,2.44,1422.4,1090710
2026-06-17,40,GILLETTE,1.82,1.41,2.46,7856.0,68481
2026-06-18,1,BATAINDIA,16.42,0.8,18.75,789.9,12208968
2026-06-18,2,GALAXYSURF,7.93,-0.45,11.71,1913.6,159908
2026-06-18,3,BIRLACORPN,6.58,1.01,7.04,1049.7,247083
2026-06-18,4,HIMATSEIDE,6.57,1.91,7.05,83.71,7071697
2026-06-18,5,KNRCON,5.69,0.15,7.41,139.13,7096361
2026-06-18,6,GODREJIND,5.61,0.18,7.78,1111.2,510545
2026-06-18,7,GRANULES,5.49,0.16,5.98,782.1,1614755
2026-06-18,8,CARBORUNIV,5.48,0.68,11.67,1192.2,2071027
2026-06-18,9,HFCL,5.0,3.68,2.67,199.63,26354654
2026-06-18,10,ADANIPOWER,4.61,0.0,5.81,230.57,49545386
2026-06-18,11,CDSL,4.61,0.07,8.35,1350.4,9899144
2026-06-18,12,ENGINERSIN,4.1,1.05,5.72,253.15,10768293
2026-06-18,13,ICICIPRULI,3.66,0.63,4.16,522.1,2836263
2026-06-18,14,BHEL,3.48,0.14,4.61,405.9,15191954
2026-06-18,15,FINCABLES,3.45,0.22,5.04,1158.6,988512
2026-06-18,16,FINEORG,3.21,-1.07,5.17,5150.9,17806
2026-06-18,17,ATGL,3.09,0.26,7.06,724.35,5131265
2026-06-18,18,GLAXO,3.02,0.01,4.0,2266.2,225717
2026-06-18,19,ASTERDM,2.94,0.27,3.22,788.5,355032
2026-06-18,20,BAJAJCON,2.93,0.02,4.3,620.5,756495
2026-06-18,21,ADANIGREEN,2.8,0.46,3.75,1506.8,2123098
2026-06-18,22,DLF,2.75,0.0,3.37,640.7,9821046
2026-06-18,23,INDIGO,2.73,0.34,2.97,5011.8,1129087
2026-06-18,24,ICICIGI,2.71,-0.14,3.28,1839.0,539566
2026-06-18,25,DEEPAKNTR,2.66,0.25,3.68,1658.2,203931
2026-06-18,26,KRBL,2.62,1.62,3.02,383.4,853536
2026-06-18,27,GRINDWELL,2.44,0.34,3.39,2105.5,69681
2026-06-18,28,LUPIN,2.43,0.52,2.58,2327.1,934007
2026-06-18,29,FINPIPE,2.4,0.25,2.98,177.21,2251376
2026-06-18,30,HONAUT,2.17,0.99,2.72,37170.0,6140
2026-06-18,31,ADANIENSOL,2.17,0.13,3.79,1523.3,1942444
2026-06-18,32,JINDALSAW,2.16,0.59,3.55,264.06,3323364
2026-06-18,33,BEL,2.08,0.63,1.96,428.6,23598062
2026-06-18,34,ADANIENT,2.08,0.0,3.49,3013.4,1774394
2026-06-18,35,BOSCHLTD,2.05,0.51,3.2,40035.0,53616
2026-06-18,36,BLISSGVS,1.71,0.65,3.24,482.95,902557
2026-06-18,37,BAJAJHLDNG,1.68,0.48,1.95,10676.0,50170
2026-06-18,38,HDFCLIFE,1.63,0.21,1.79,591.3,2243668
2026-06-18,39,INDHOTEL,1.62,0.41,1.82,710.45,2181354
2026-06-18,40,CCL,1.6,-0.41,3.42,1132.4,195406
2026-06-19,1,BERGEPAINT,9.04,0.19,10.87,550.7,7790257
2026-06-19,2,CAPLIPOINT,6.11,-0.57,9.24,2503.5,402481
2026-06-19,3,HFCL,5.0,3.69,2.81,209.61,26062936
2026-06-19,4,CERA,4.68,0.0,5.84,6448.0,54046
2026-06-19,5,CARERATING,4.29,0.3,7.37,1713.3,79552
2026-06-19,6,IFCI,4.16,0.6,6.41,85.73,205777880
2026-06-19,7,CARBORUNIV,4.15,-1.33,10.95,1241.7,2169097
2026-06-19,8,AUROPHARMA,3.75,0.71,3.93,1497.8,2506592
2026-06-19,9,AIAENG,3.4,-0.26,5.44,4687.0,184500
2026-06-19,10,GREAVESCOT,3.38,-0.03,5.67,198.54,2770897
2026-06-19,11,EMAMILTD,3.28,0.15,4.37,413.5,1188740
2026-06-19,12,GICRE,3.25,0.38,4.52,368.7,8541234
2026-06-19,13,GLAXO,2.9,-0.27,4.96,2332.0,251981
2026-06-19,14,EDELWEISS,2.78,-0.02,5.18,124.71,11659114
2026-06-19,15,GLENMARK,2.77,0.0,3.55,2213.6,954063
2026-06-19,16,ASTERDM,2.65,0.44,4.27,809.4,812938
2026-06-19,17,FINEORG,2.62,0.28,5.52,5285.8,49844
2026-06-19,18,ASHOKA,2.59,-0.19,5.04,135.16,1386232
2026-06-19,19,DEEPAKFERT,2.46,0.47,2.88,1563.3,347529
2026-06-19,20,DBL,2.32,-0.07,4.52,439.5,187758
2026-06-19,21,INDOSTAR,2.28,0.45,3.23,249.47,157999
2026-06-19,22,ETERNAL,2.22,-0.6,4.0,264.3,29061365
2026-06-19,23,BHEL,2.08,0.0,4.89,414.35,22020572
2026-06-19,24,BLUEDART,2.02,-0.39,3.49,4968.8,24139
2026-06-19,25,INDHOTEL,2.01,-0.04,3.22,724.75,3177687
2026-06-19,26,FSL,1.96,-0.87,5.31,244.7,1649089
2026-06-19,27,BHARTIARTL,1.92,-0.03,2.68,1910.8,15918432
2026-06-19,28,ICRA,1.88,1.07,3.82,5322.0,94265
2026-06-19,29,HEIDELBERG,1.85,0.03,2.52,152.78,270125
2026-06-19,30,GESHIP,1.81,-0.29,3.12,1437.7,749040
2026-06-19,31,ELGIEQUIP,1.79,0.32,2.48,612.75,773434
2026-06-19,32,APLLTD,1.77,0.0,3.26,763.0,279321
2026-06-19,33,ICICIGI,1.69,0.32,3.56,1870.1,1503031
2026-06-19,34,EIHOTEL,1.69,0.0,3.51,321.85,290506
2026-06-19,35,GALAXYSURF,1.66,0.49,5.23,1945.4,39452
2026-06-19,36,GRINDWELL,1.49,0.17,2.99,2136.8,48173
2026-06-19,37,CDSL,1.47,0.11,3.1,1370.3,3067601
2026-06-19,38,ABCAPITAL,1.43,-0.18,2.33,375.9,11199442
2026-06-19,39,FDC,1.34,-1.04,3.54,389.35,138399
2026-06-19,40,ENRIN,1.33,-0.36,2.51,3833.9,539337
2026-06-22,1,KIRLOSENG,20.0,10.47,9.53,2389.8,1794366
2026-06-22,2,GREAVESCOT,7.06,0.86,10.3,212.55,11344166
2026-06-22,3,IDBI,5.63,0.46,7.65,87.65,83820771
2026-06-22,4,CIPLA,4.73,1.49,3.52,1415.7,3368853
2026-06-22,5,ESCORTS,4.58,0.15,4.92,2950.4,303035
2026-06-22,6,EDELWEISS,4.47,0.24,6.82,130.28,15730560
2026-06-22,7,ABCAPITAL,4.27,0.56,4.75,391.95,11010826
2026-06-22,8,AJANTPHARM,4.06,0.99,4.26,3189.7,140206
2026-06-22,9,FDC,3.63,-0.57,5.1,403.5,449704
2026-06-22,10,DBL,3.5,0.75,4.19,454.9,225761
2026-06-22,11,AIAENG,3.44,1.34,3.45,4848.0,245621
2026-06-22,12,BBTC,3.36,0.64,4.13,1589.3,147688
2026-06-22,13,CERA,3.31,1.58,5.89,6661.5,40237
2026-06-22,14,ADANIGREEN,3.16,0.44,4.29,1549.9,2956240
2026-06-22,15,CESC,3.15,0.89,4.35,174.22,3275947
2026-06-22,16,ENGINERSIN,3.09,0.4,4.36,258.5,7510440
2026-06-22,17,BHARATFORG,3.06,0.91,3.52,2103.8,1846475
2026-06-22,18,EIHOTEL,2.58,0.95,3.01,330.15,365179
2026-06-22,19,IDFCFIRSTB,2.55,0.0,3.85,80.69,44256995
2026-06-22,20,GUJALKALI,2.54,-0.52,4.63,654.9,58309
2026-06-22,21,DEEPAKFERT,2.51,0.43,3.32,1602.6,416124
2026-06-22,22,GESHIP,2.48,0.72,3.51,1473.3,452525
2026-06-22,23,GNFC,2.44,0.03,8.49,581.5,2466784
2026-06-22,24,HAL,2.43,0.36,3.23,4515.2,1337548
2026-06-22,25,HONAUT,2.39,0.91,2.54,38355.0,5678
2026-06-22,26,IEX,2.36,0.0,4.19,125.68,11354470
2026-06-22,27,APLLTD,2.33,0.0,4.85,780.75,222284
2026-06-22,28,ENDURANCE,2.31,0.32,3.68,2682.9,211954
2026-06-22,29,BOMDYEING,2.27,1.11,3.33,138.07,1947904
2026-06-22,30,GPPL,2.27,0.6,3.06,156.55,2522603
2026-06-22,31,FINCABLES,2.25,1.18,3.59,1190.5,813753
2026-06-22,32,CRISIL,2.24,0.0,3.2,4224.5,51836
2026-06-22,33,LALPATHLAB,2.2,0.26,2.23,1671.8,191369
2026-06-22,34,ECLERX,2.19,0.0,2.86,1449.8,127294
2026-06-22,35,ADANIENSOL,2.12,0.5,3.2,1539.4,1683730
2026-06-22,36,FINPIPE,2.08,0.52,2.56,179.24,1289465
2026-06-22,37,CYIENT,2.05,0.68,2.43,876.65,293058
2026-06-22,38,BAJAJHLDNG,2.04,0.6,2.33,10895.0,97395
2026-06-22,39,KANSAINER,2.0,0.41,2.34,215.35,290067
2026-06-22,40,BASF,1.98,-1.08,3.96,3572.9,69130
2026-06-23,1,BASF,4.84,1.54,7.91,3745.8,217101
2026-06-23,2,KIRLOSENG,4.8,4.65,12.13,2504.4,12991735
2026-06-23,3,AVANTIFEED,3.15,0.69,7.19,986.5,1547182
2026-06-23,4,AUROPHARMA,2.84,0.02,3.38,1534.2,2092258
2026-06-23,5,BHARATFORG,2.31,0.53,2.6,2152.3,1891131
2026-06-23,6,FDC,2.13,1.56,3.94,412.1,1013084
2026-06-23,7,ERIS,1.7,0.58,3.59,1461.0,123424
2026-06-23,8,DMART,1.44,-0.45,2.75,4392.9,556327
2026-06-23,9,GLAXO,1.42,0.29,2.1,2396.7,115544
2026-06-23,10,GODREJIND,1.41,0.01,2.68,1131.1,171338
2026-06-23,11,JBCHEPHARM,1.4,-0.87,3.35,2237.0,189284
2026-06-23,12,GRANULES,1.23,1.36,2.43,788.0,1618500
2026-06-23,13,CIPLA,1.23,0.5,2.98,1433.1,4958067
2026-06-23,14,CONCOR,1.18,0.07,2.67,479.25,2396783
2026-06-23,15,CYIENT,1.09,-0.01,2.56,886.2,309526
2026-06-23,16,DBL,0.95,0.68,4.19,459.2,247585
2026-06-23,17,CCL,0.93,0.9,2.11,1159.4,164499
2026-06-23,18,ALKEM,0.9,1.29,2.18,5415.5,210575
2026-06-23,19,ELGIEQUIP,0.9,0.6,3.19,619.85,663883
2026-06-23,20,HINDPETRO,0.89,0.7,1.81,396.75,4766451
2026-06-23,21,3MINDIA,0.87,-0.02,3.56,33615.0,6739
2026-06-23,22,HIMATSEIDE,0.86,0.9,3.23,85.85,1768604
2026-06-23,23,DRREDDY,0.82,0.5,2.68,1301.3,2878800
2026-06-23,24,JINDALSAW,0.82,0.11,2.42,257.81,1379040
2026-06-23,25,AIAENG,0.79,0.25,4.91,4886.1,297045
2026-06-23,26,LUPIN,0.76,0.21,1.53,2357.8,830828
2026-06-23,27,GRINDWELL,0.72,0.41,3.53,2125.4,70096
2026-06-23,28,ENGINERSIN,0.67,0.0,2.96,260.24,7878530
2026-06-23,29,INDIACEM,0.58,0.12,1.48,380.05,131773
2026-06-23,30,BIRLACORPN,0.54,1.32,3.97,1012.2,133737
2026-06-23,31,BIOCON,0.5,0.56,2.81,423.2,6927189
2026-06-23,32,COCHINSHIP,0.49,0.09,1.96,1483.6,2036034
2026-06-23,33,BRITANNIA,0.45,0.0,1.52,5241.0,220646
2026-06-23,34,CHOLAFIN,0.41,0.06,1.81,1725.9,1934588
2026-06-23,35,BATAINDIA,0.37,-0.35,3.89,733.7,687022
2026-06-23,36,AXISBANK,0.36,0.0,1.16,1363.5,5745853
2026-06-23,37,GULFOILLUB,0.31,0.0,3.37,1038.95,84838
2026-06-23,38,FINPIPE,0.28,0.98,4.51,179.75,2137808
2026-06-23,39,COROMANDEL,0.26,0.22,1.12,1992.8,115101
2026-06-23,40,APOLLOHOSP,0.22,0.34,1.2,8487.5,248581
2026-06-24,1,CREDITACC,6.53,0.74,9.45,1460.3,1972612
2026-06-24,2,INDOSTAR,6.33,-0.66,8.23,260.25,365068
2026-06-24,3,EXIDEIND,5.4,0.01,6.33,399.5,8753108
2026-06-24,4,INDIGO,4.95,0.58,5.3,5207.2,2145122
2026-06-24,5,CHOLAHLDNG,4.11,0.03,5.7,1648.4,199799
2026-06-24,6,GREAVESCOT,4.1,-0.27,7.2,213.98,5028215
2026-06-24,7,HINDPETRO,4.07,-0.05,4.66,412.9,7705798
2026-06-24,8,AUBANK,3.98,-0.52,5.07,1067.2,4900913
2026-06-24,9,CHOLAFIN,3.88,-0.17,4.75,1792.9,2368949
2026-06-24,10,BRIGADE,3.81,0.08,6.62,543.55,830543
2026-06-24,11,HSCL,3.72,-0.23,5.93,663.0,10544357
2026-06-24,12,GALAXYSURF,3.68,-0.03,6.54,2004.7,25065
2026-06-24,13,ADANIENT,3.6,0.86,3.6,3069.7,2527812
2026-06-24,14,ABFRL,3.48,0.12,4.97,61.6,12103015
2026-06-24,15,FINEORG,3.35,1.17,3.66,5270.6,23348
2026-06-24,16,CUB,3.18,0.61,4.14,204.6,3584174
2026-06-24,17,BAJFINANCE,2.97,-1.04,4.31,990.95,9873777
2026-06-24,18,AMBUJACEM,2.89,0.28,3.1,426.85,4347023
2026-06-24,19,ABCAPITAL,2.88,0.0,3.82,394.8,5800974
2026-06-24,20,INFY,2.65,1.13,2.7,1056.6,12346266
2026-06-24,21,ICICIBANK,2.64,0.17,2.76,1373.6,16440708
2026-06-24,22,KRBL,2.62,-0.1,3.59,393.95,464998
2026-06-24,23,HIMATSEIDE,2.61,0.58,4.16,88.09,3439566
2026-06-24,24,INDUSINDBK,2.45,-0.15,3.73,927.6,1793188
2026-06-24,25,KIRLOSENG,2.36,-1.62,7.21,2563.6,3825730
2026-06-24,26,GULFOILLUB,2.34,-0.32,3.45,1063.3,79584
2026-06-24,27,BPCL,2.32,0.1,2.79,315.7,7690718
2026-06-24,28,ASHOKLEY,2.28,0.0,3.19,154.91,18034532
2026-06-24,29,BANDHANBNK,2.24,-0.2,4.89,211.76,10287087
2026-06-24,30,IOC,2.19,0.57,2.48,146.3,17387166
2026-06-24,31,FINPIPE,2.17,0.27,4.42,183.65,1659247
2026-06-24,32,AJANTPHARM,2.14,-0.08,3.05,3255.7,88002
2026-06-24,33,HONAUT,2.12,0.77,2.97,39015.0,9009
2026-06-24,34,AAVAS,2.09,-0.15,3.18,1482.6,227838
2026-06-24,35,DRREDDY,2.08,0.67,2.83,1328.4,3346371
2026-06-24,36,GODREJIND,1.91,0.79,4.17,1152.7,258750
2026-06-24,37,GESHIP,1.83,-0.45,4.66,1497.2,494530
2026-06-24,38,FEDERALBNK,1.66,-0.13,2.75,325.2,9481304
2026-06-24,39,ICRA,1.65,0.0,3.8,5306.5,20046
2026-06-24,40,ADANIPORTS,1.64,0.11,2.41,1813.3,2141905
2026-06-25,1,BLISSGVS,6.92,0.23,8.01,491.95,1726808
2026-06-25,2,HFCL,5.0,2.46,2.68,215.0,23441205
2026-06-25,3,HERITGFOOD,4.99,0.5,9.38,336.8,2921520
2026-06-25,4,GRINDWELL,4.68,-0.34,8.14,2228.0,182446
2026-06-25,5,INDIGO,4.66,1.11,3.84,5450.0,5145228
2026-06-25,6,ASHOKLEY,3.72,1.09,3.67,160.68,60935591
2026-06-25,7,CGPOWER,2.46,0.0,3.21,942.1,3215230
2026-06-25,8,HSCL,2.28,0.14,4.98,678.1,14453572
2026-06-25,9,APOLLOTYRE,2.1,1.0,3.62,430.65,1815374
2026-06-25,10,GULFOILLUB,2.09,0.63,3.0,1085.5,118158
2026-06-25,11,HIMATSEIDE,2.0,0.9,7.63,89.85,5589210
2026-06-25,12,IFBIND,1.76,0.52,2.69,1278.4,40809
2026-06-25,13,LALPATHLAB,1.76,0.0,2.33,1689.2,262380
2026-06-25,14,DRREDDY,1.66,0.26,2.34,1350.5,1699744
2026-06-25,15,AUROPHARMA,1.61,0.35,2.16,1555.2,2098976
2026-06-25,16,CUMMINSIND,1.56,0.0,2.66,5642.0,479618
2026-06-25,17,BERGEPAINT,1.53,0.71,3.47,538.65,604446
2026-06-25,18,IGL,1.45,1.05,2.04,170.38,4244989
2026-06-25,19,COLPAL,1.41,0.24,1.59,1993.0,685326
2026-06-25,20,HYUNDAI,1.4,0.29,1.93,1969.4,742118
2026-06-25,21,GODREJCP,1.38,0.05,1.76,1034.6,946405
2026-06-25,22,CEATLTD,1.14,0.85,2.32,3490.0,133764
2026-06-25,23,BHARATFORG,1.06,0.8,2.03,2145.3,1291633
2026-06-25,24,JINDALSAW,1.02,0.05,3.72,260.72,2090576
2026-06-25,25,ICICIBANK,1.01,0.6,1.74,1387.5,17173209
2026-06-25,26,HONAUT,1.0,0.0,1.67,39405.0,4985
2026-06-25,27,BAJAJ-AUTO,0.95,0.26,1.65,9843.0,352943
2026-06-25,28,HDFCAMC,0.94,0.52,2.02,2649.7,824774
2026-06-25,29,DBL,0.9,0.31,3.12,459.7,234119
2026-06-25,30,ATUL,0.88,0.6,1.95,6670.5,15376
2026-06-25,31,COROMANDEL,0.86,0.78,2.15,2000.4,192526
2026-06-25,32,BIRLACORPN,0.84,1.15,2.05,1003.9,71756
2026-06-25,33,ADANIENSOL,0.8,0.88,2.04,1507.8,1235265
2026-06-25,34,HINDUNILVR,0.76,0.15,1.85,2174.2,1898262
2026-06-25,35,ECLERX,0.75,0.35,2.69,1404.5,225774
2026-06-25,36,ICRA,0.74,-0.12,3.63,5346.0,22652
2026-06-25,37,GODREJIND,0.69,0.6,2.97,1160.7,126756
2026-06-25,38,ESCORTS,0.65,0.86,2.77,2949.7,155406
2026-06-25,39,INDIACEM,0.52,0.3,1.75,383.85,1776648
2026-06-25,40,DLF,0.52,0.62,1.9,621.35,3891469
2026-06-29,1,BLISSGVS,7.71,-0.01,10.0,529.9,2818976
2026-06-29,2,AJANTPHARM,6.41,0.0,9.78,3384.2,922011
2026-06-29,3,FINCABLES,5.62,0.0,8.01,1179.2,1244887
2026-06-29,4,CHENNPETRO,4.68,0.25,5.36,1153.8,1834187
2026-06-29,5,CARBORUNIV,4.25,-0.1,5.55,1191.9,317444
2026-06-29,6,GRANULES,4.0,0.1,5.09,794.8,2627803
2026-06-29,7,KEI,3.49,0.49,8.45,5452.0,1621316
2026-06-29,8,BAJAJCON,3.23,-0.6,5.35,597.15,856106
2026-06-29,9,FDC,3.04,0.0,4.62,420.7,378608
2026-06-29,10,EMAMILTD,2.92,-0.24,4.87,408.55,1067626
2026-06-29,11,LUPIN,2.81,0.28,3.54,2409.3,2044185
2026-06-29,12,BHEL,2.74,0.0,5.6,413.75,45313478
2026-06-29,13,JBCHEPHARM,2.64,0.87,3.52,2303.2,915081
2026-06-29,14,AIAENG,2.52,1.0,4.39,4951.4,154754
2026-06-29,15,COALINDIA,2.17,0.06,2.91,444.85,21400224
2026-06-29,16,CERA,2.1,-0.09,4.13,6463.5,17177
2026-06-29,17,CAPLIPOINT,2.05,0.0,4.14,2557.9,213699
2026-06-29,18,BALMLAWRIE,2.03,-0.01,5.2,182.91,312089
2026-06-29,19,APLLTD,1.96,0.86,2.2,786.65,139448
2026-06-29,20,ABB,1.93,0.1,5.46,7128.0,915384
2026-06-29,21,FINEORG,1.87,-0.69,3.88,5334.1,20773
2026-06-29,22,DRREDDY,1.87,2.81,4.38,1375.7,8857211
2026-06-29,23,ETERNAL,1.67,1.9,1.67,259.4,34568988
2026-06-29,24,ATGL,1.65,-1.65,5.78,731.65,3419928
2026-06-29,25,GESHIP,1.61,-0.26,5.58,1523.2,1134721
2026-06-29,26,JAMNAAUTO,1.58,0.0,3.68,132.86,1716632
2026-06-29,27,CGPOWER,1.5,1.91,3.08,956.25,12311661
2026-06-29,28,GLENMARK,1.49,0.72,2.7,2186.6,1414518
2026-06-29,29,DMART,1.45,-0.1,2.5,4357.0,722211
2026-06-29,30,GRAPHITE,1.44,0.0,2.84,614.55,797253
2026-06-29,31,HINDZINC,1.44,0.0,2.08,525.5,3491577
2026-06-29,32,CUB,1.33,0.45,3.47,201.5,6336187
2026-06-29,33,BHARATFORG,1.19,0.0,6.61,2170.9,7505450
2026-06-29,34,CARERATING,1.16,-0.61,5.48,1672.2,58997
2026-06-29,35,KTKBANK,1.13,-0.56,2.3,268.6,1287648
2026-06-29,36,HINDALCO,1.11,-0.12,2.26,963.8,9499504
2026-06-29,37,CHAMBLFERT,1.11,-0.01,3.5,474.25,735306
2026-06-29,38,BEL,1.08,-0.1,3.62,411.6,26669735
2026-06-29,39,INDOCO,1.06,2.76,7.2,234.06,639344
2026-06-29,40,HINDCOPPER,0.98,0.14,3.14,496.2,5113811
2026-06-30,1,HIMATSEIDE,5.98,0.97,8.1,91.83,2887733
2026-06-30,2,COCHINSHIP,5.62,0.45,6.17,1507.9,2885327
2026-06-30,3,BALRAMCHIN,5.28,0.08,7.11,554.95,906822
2026-06-30,4,GREAVESCOT,4.97,0.5,5.94,219.98,5080746
2026-06-30,5,COROMANDEL,4.76,0.31,5.53,2005.0,627136
2026-06-30,6,APLLTD,4.59,0.2,6.09,822.75,919045
2026-06-30,7,GLAXO,4.07,0.48,5.33,2450.3,218133
2026-06-30,8,CREDITACC,4.04,0.5,4.46,1489.5,509666
2026-06-30,9,DCAL,4.03,0.0,5.55,175.37,436128
2026-06-30,10,CANFINHOME,3.66,1.0,5.76,867.95,1683384
2026-06-30,11,IFBIND,3.54,1.0,5.76,1287.7,100363
2026-06-30,12,CUB,3.52,0.72,3.47,208.6,3818201
2026-06-30,13,BEML,3.0,0.6,3.33,1760.4,388331
2026-06-30,14,ALKEM,2.83,0.0,3.54,5570.0,340712
2026-06-30,15,ENRIN,2.77,0.12,3.4,3683.3,389424
2026-06-30,16,BOMDYEING,2.7,0.22,3.13,132.71,649777
2026-06-30,17,CAPLIPOINT,2.66,0.81,4.21,2626.0,390700
2026-06-30,18,CESC,2.63,0.19,3.11,168.81,1816596
2026-06-30,19,AIAENG,2.63,0.5,5.41,5081.4,205842
2026-06-30,20,CEATLTD,2.6,0.03,2.87,3482.6,64875
2026-06-30,21,AAVAS,2.49,0.28,3.16,1520.8,154482
2026-06-30,22,ADANIENT,2.48,0.59,2.89,3036.0,2099291
2026-06-30,23,ASTERDM,2.45,1.07,3.47,784.45,910727
2026-06-30,24,KALYANKJIL,2.34,0.44,4.08,386.7,7975729
2026-06-30,25,GRANULES,2.32,0.4,3.14,813.25,1560172
2026-06-30,26,BAJFINANCE,2.31,0.49,3.39,1004.75,12445420
2026-06-30,27,APOLLOTYRE,2.27,1.93,1.99,430.2,744125
2026-06-30,28,INDOCO,2.2,0.45,3.96,239.22,101628
2026-06-30,29,CUMMINSIND,2.13,0.74,2.74,5659.5,646570
2026-06-30,30,ASTRAZEN,2.09,0.02,2.76,8226.5,5638
2026-06-30,31,AUROPHARMA,2.02,0.23,2.68,1578.7,3230823
2026-06-30,32,ETERNAL,2.0,0.31,3.62,264.6,32940948
2026-06-30,33,ERIS,1.98,-0.31,3.34,1433.5,45596
2026-06-30,34,ADANIPORTS,1.92,0.61,1.9,1810.2,2230098
2026-06-30,35,FEDERALBNK,1.85,0.23,2.5,330.05,15572784
2026-06-30,36,GODREJIND,1.84,0.13,3.05,1174.7,142444
2026-06-30,37,HONAUT,1.83,-0.05,2.31,39735.0,4431
2026-06-30,38,BLISSGVS,1.83,1.53,4.34,539.6,1324201
2026-06-30,39,HDFCAMC,1.79,0.74,2.46,2653.2,753577
2026-06-30,40,KTKBANK,1.79,0.15,3.11,273.4,1411536
2026-07-01,1,ETERNAL,5.71,0.64,5.78,279.7,66845146
2026-07-01,2,DABUR,5.34,0.17,5.77,444.75,8597999
2026-07-01,3,DLF,4.62,0.06,5.27,648.7,4916575
2026-07-01,4,GMDCLTD,4.57,-0.33,5.69,610.65,3416293
2026-07-01,5,CEATLTD,4.37,0.5,5.5,3634.8,289501
2026-07-01,6,GUJGASLTD,3.96,2.43,5.76,340.0,2029887
2026-07-01,7,EDELWEISS,3.83,0.15,5.84,125.44,4016386
2026-07-01,8,BEML,3.71,0.4,6.45,1825.7,1389124
2026-07-01,9,COLPAL,3.7,0.36,3.84,2071.9,578144
2026-07-01,10,CUB,3.57,-0.29,5.18,216.05,3912286
2026-07-01,11,ADANIENT,3.54,0.16,4.51,3143.6,3415655
2026-07-01,12,HDFCAMC,3.49,0.37,3.65,2745.8,1139695
2026-07-01,13,IRCON,3.49,0.33,4.71,135.64,6451020
2026-07-01,14,GODREJCP,3.33,0.69,3.08,1043.6,1550546
2026-07-01,15,ASIANPAINT,3.06,0.47,3.76,2716.4,1097512
2026-07-01,16,HINDUNILVR,3.01,0.72,3.3,2182.0,2497576
2026-07-01,17,DEEPAKFERT,2.98,0.12,3.21,1604.6,234471
2026-07-01,18,ASHOKLEY,2.93,0.12,4.98,162.32,41112595
2026-07-01,19,KANSAINER,2.92,0.52,3.96,210.02,302801
2026-07-01,20,ADANIGREEN,2.87,0.0,4.26,1535.0,2563470
2026-07-01,21,BAJAJCON,2.6,-0.16,5.48,614.55,720891
2026-07-01,22,EMAMILTD,2.57,0.16,3.85,414.7,972387
2026-07-01,23,CGPOWER,2.56,0.61,3.04,976.5,3489753
2026-07-01,24,HAVELLS,2.54,1.15,2.46,1188.8,1370728
2026-07-01,25,JAMNAAUTO,2.45,0.06,2.84,134.59,2100248
2026-07-01,26,DBCORP,2.39,0.5,4.07,195.31,92472
2026-07-01,27,ADVENZYMES,2.31,1.37,4.28,314.6,1000404
2026-07-01,28,IFCI,2.28,0.61,3.62,76.59,43039601
2026-07-01,29,BRITANNIA,2.24,0.0,3.13,5262.0,475937
2026-07-01,30,BOSCHLTD,2.22,0.13,2.37,40785.0,44664
2026-07-01,31,ADANIPORTS,2.1,1.07,3.66,1848.2,4123193
2026-07-01,32,CDSL,2.06,0.25,3.01,1332.4,2265248
2026-07-01,33,BSE,2.03,0.11,2.17,3944.1,2285604
2026-07-01,34,ADANIENSOL,2.01,0.0,4.47,1521.4,2095932
2026-07-01,35,ASTRAL,1.98,0.25,2.43,1362.1,941375
2026-07-01,36,GODREJIND,1.93,0.54,3.7,1197.4,177212
2026-07-01,37,INDUSINDBK,1.88,0.31,2.43,941.6,2290915
2026-07-01,38,HUDCO,1.83,1.75,2.29,208.77,3981114
2026-07-01,39,AXISBANK,1.71,0.0,2.38,1368.7,3187785
2026-07-01,40,CANFINHOME,1.66,0.23,3.06,882.35,171784
2026-07-02,1,ECLERX,7.41,0.67,6.99,1431.1,326157
2026-07-02,2,EXIDEIND,7.08,0.42,7.07,418.0,8954480
2026-07-02,3,DELTACORP,5.96,0.31,7.68,67.6,3714708
2026-07-02,4,INFY,5.15,2.14,3.35,1036.0,8149993
2026-07-02,5,COFORGE,4.78,1.77,4.17,1436.2,2740997
2026-07-02,6,CEATLTD,3.97,0.91,4.48,3779.0,238832
2026-07-02,7,HCLTECH,3.89,1.43,2.79,1074.4,1672569
2026-07-02,8,FSL,3.47,1.27,4.76,237.67,1687877
2026-07-02,9,HINDPETRO,3.2,0.73,2.97,404.65,2584545
2026-07-02,10,ABFRL,2.95,0.51,3.24,60.4,2727284
2026-07-02,11,BPCL,2.79,0.26,3.19,312.7,3666286
2026-07-02,12,BAJAJFINSV,2.66,0.36,2.51,1845.5,698737
2026-07-02,13,GREAVESCOT,2.57,0.35,2.68,226.69,1382591
2026-07-02,14,IOC,2.55,0.34,2.48,143.4,9046554
2026-07-02,15,EIDPARRY,2.53,0.27,3.72,739.0,196867
2026-07-02,16,APOLLOTYRE,2.49,0.54,2.51,442.4,958102
2026-07-02,17,CREDITACC,2.38,0.85,2.52,1538.0,116107
2026-07-02,18,BALRAMCHIN,2.37,0.41,2.4,558.7,121537
2026-07-02,19,AMBUJACEM,2.14,0.8,1.59,427.8,1477091
2026-07-02,20,HINDALCO,2.13,0.25,2.18,959.75,1217601
2026-07-02,21,LALPATHLAB,2.09,0.01,2.38,1657.0,79691
2026-07-02,22,GLENMARK,2.08,0.6,3.34,2206.8,207906
2026-07-02,23,CHOLAHLDNG,2.04,1.18,1.93,1695.3,34975
2026-07-02,24,BALKRISIND,1.88,0.4,2.3,2210.1,34133
2026-07-02,25,INDOSTAR,1.86,0.44,3.44,257.3,52326
2026-07-02,26,DBCORP,1.8,0.44,2.36,198.83,35911
2026-07-02,27,DCAL,1.73,0.5,3.01,179.01,105931
2026-07-02,28,CDSL,1.65,0.26,1.88,1354.4,787563
2026-07-02,29,BATAINDIA,1.5,0.56,1.55,692.3,50485
2026-07-02,30,BAJAJHLDNG,1.46,0.57,1.46,10875.0,19313
2026-07-02,31,ACC,1.38,0.29,1.3,1350.6,38401
2026-07-02,32,INDIACEM,1.37,0.0,2.34,379.85,65323
2026-07-02,33,GRANULES,1.35,-0.01,2.21,822.35,161767
2026-07-02,34,GNFC,1.35,0.36,1.39,537.75,82973
2026-07-02,35,BLISSGVS,1.32,0.0,1.77,530.45,127613
2026-07-02,36,AVANTIFEED,1.31,0.78,1.64,957.5,77335
2026-07-02,37,FORTIS,1.31,-0.01,1.65,961.5,508225
2026-07-02,38,HSCL,1.31,0.57,1.7,654.0,1897816
2026-07-02,39,JSWSTEEL,1.31,0.81,1.33,1232.1,340835
2026-07-02,40,KALYANKJIL,1.3,1.1,2.2,386.0,1503360
